,database,sourceID,taxon,realm,cent_lat,cent_long,reference
1,BioTIME,67,Birds,Terrestrial,-29.82489855,25.52205797,"""Animal Demography Unit - Coordinated Waterbird Counts (CWAC) - AfrOBIS"". Available at http://www.iobis.org/, accessed 2012."
2,BioTIME,68,Invertebrates,Marine,-33.4251756,19.09269724,"""Marine and Coastal Management - Copepod Surveys - AfrOBIS"". Available at: http://www.iobis.org/, accessed 2012."
3,BioTIME,78,Benthos,Marine,54.52733333,12.62266667,"Zettler, M.L. (2005) Macrozoobenthos baltic sea (1980-2005) as part of the IOW-Monitoring. Institut f?r Ostseeforschung Warnem?nde, Germany. Available at: http://www.iobis.org/mapper/?dataset=2289, accessed 2012."
4,BioTIME,81,Mammals,Marine,57.70730427,-2.524387222,"Robinson, K.P., Baumgartner, N., Eisfeld, S.M., Clark, N.M., Culloch, R.M., Haskins, G.N., Zapponi, L., Whaley, A.R., Weare, J.S. & Tetley, M.J. (2007) The summer distribution and occurrence of cetaceans in the coastal waters of the outer southern Moray Firth in northeast Scotland (UK). Lutra, 50, 19."
5,BioTIME,81,Mammals,Marine,57.70730427,-2.524387222,"Robinson, K. P.(2010) ""CRRU (Cetacean Research and Rescue Unit) Cetacean sightings in Scotland waters"". Available at: http://www.emodnet-biology.eu/component/imis/?module=dataset&dasid=2819, accessed 2012."
6,BioTIME,84,Plants,Marine,44.5679537,33.46470185,"Milchakova, N. A., Ryabogina, V. G. & Chernyshova, E. B. (2011) ""Macroalgae of the Crimean coastal zone (the Black Sea, 1967-2007)"". Sevastopol, IBSS. Available at: http://www.emodnet-biology.eu/component/imis/?module=dataset&dasid=2690, accessed 2012."
7,BioTIME,85,Invertebrates,Marine,53.08312573,3.984373029,"Addinck, W. & de Kluijver, M. (2003) North Sea observations of Crustacea, Polychaeta, Echinodermata, Mollusca and some other groups between 1986 and 2003. Expert Centre for Taxonomic Idenditification (ETI), the Netherlands.  Available at: http://www.emodnet-biology.eu/data-catalog?module=dataset&dasid=1037, accessed 2012."
8,BioTIME,86,Plants,Marine,46.20552967,30.79541868,"Derezuyk, N. ""Phytoplankton of the Ukrainian Black Sea shelf (1985-2005)"". Available at: http://www.emodnet-biology.eu/component/imis/?module=dataset&dasid=2694, accessed 2012."
9,BioTIME,90,Invertebrates,Marine,45.19666952,-2.446844863,"""Zooplankton in the Bay of Biscay (1995-2004, yearly DEPM surveys)"". Available at: http://www.emodnet-biology.eu/component/imis/?module=dataset&dasid=2774, accessed 2012."
10,BioTIME,92,Benthos,Marine,64.84458333,38.971875,"Naumov, A. ""Benthos of the White Sea. A database"". White Sea Biological Station, Zoological Institute RAS. Available at: http://www.emodnet-biology.eu/component/imis/?module=dataset&dasid=2769, accessed 2012."
11,BioTIME,97,Invertebrates,Marine,72.81344973,94.02875323,"Markhaseva, E.L., Golikov, A.A., Agapova, T.A. & Beig, A.A. (1985) Archives of the Arctic Seas Zooplankton. Available at: http://www.iobis.org/mapper/?dataset=4470, accessed 2012."
12,BioTIME,99,Fish,Marine,-19.7306315,117.3493774,"""CSIRO Marine Data Warehouse - OBIS Australia"", CSIRO Division of Marine and Atmospheric Research (CMAR), Australia. Available at http://www.iobis.org, accessed 2012."
13,BioTIME,108,Birds,Marine,-57.77437928,101.0495192,"Woehler, E. ""Seabirds of the Southern and South Indian Ocean - Australian Antarctic Data Centre"". Available at: http://www.iobis.org, accessed 2012."
14,BioTIME,110,Benthos,Marine,54.17247686,-4.312789896,"Ostler, R. ""Marine Nature Conservation Review (MNCR) and associated benthic marine data held and managed by JNCC - EurOBIS"". Joint Nature Conservation Committee, Centre for Ecology and hydrology, Aberdeenshire, UK. Available at: http://www.emodnet-biology.eu/data-catalog/??module=dataset&dasid=621, accessed 2012."
15,BioTIME,112,Fish,Marine,30.14206531,-78.17437163,"""South Western Pacific Regional OBIS Data Asteroid Subset"", NIWA (National Institute of Water and Atmospheric Research - New Zealand) MBIS (Marine Biodata Information System) accessed through South Western Pacific OBIS. Available at: http://www.iobis.org/mapper/?dataset=219, accessed 2012."
16,BioTIME,113,Invertebrates,Marine,40.86506848,-21.1891343,"Pugh, P. Discovery Collections Midwater Database. National Oceanography Centre, Southampton, UK. Available at: http://www.iobis.org/mapper/?dataset=12, accessed 2012."
17,BioTIME,117,Invertebrates,Marine,-44.45258503,174.3708163,"""South TX Outer Continental Shelf and MI, AL, and FL Outer Continental Shelf benthic organism sampling 1974-1978"". US National Oceanographic Data Center, Silver Spring, Maryland, USA (2011). Available at http://www.usgs.gov/obis-usa/data_search_and_access/participants.html, accessed 2012."
18,BioTIME,119,Fish,Marine,43.78837597,-62.38518782,"Clark, D. & Branton, B. (2007) DFO Maritimes Research Vessel Trawl Surveys, OBIS Canada Digital Collections. Bedford Institute of Oceanography, Dartmouth, Nova Scotia, Canada, OBIS Canada,"
19,BioTIME,121,Fish,Marine,19.0618595,-167.6109,"""CRED Towed-Diver Fish Biomass Surveys in the Pacific Ocean 2000-2010"". (2011) Coral Reef Ecosystem Division (CRED), Pacific Island Fisheries Sciences Center, National Marine Fisheries Service. Available at: http://www.iobis.org/mapper/?dataset=1581, accessed 2012."
20,BioTIME,123,Fish,Marine,43.86359653,-69.03123308,"Sherman, S. (2010) ""Maine Department of Marine Resources Inshore Trawl Survey, 2000 ? 2009"". Maine Department of Marine Resources, Maine. Available at: http://www.usgs.gov/obis-usa/data_search_and_access/datasets.html, accessed 2012."
21,BioTIME,125,Fish,Marine,32.48785124,-78.81019284,"Reichert, M. (2009) ""MARMAP Chevron Trap Survey 1990-2009"". SCDNR/NOAA MARMAP Program, SCDNR MARMAP Aggregate Data Surveys, The Marine Resources Monitoring, Assessment, and Prediction (MARMAP) Program, Marine Resources Research Institute, South Carolina Department of Natural Resources U.S.A.. Available at: http://www.usgs.gov/obis-usa/data_search_and_access/participants.html, accessed 2012."
22,BioTIME,135,Fish,Marine,-10.7578359,-36.58632222,"""Previous_fisheries_REVIZEE_Program"", accessed through Tropical and Subtropical Western South Pacific OBIS. Available at: http://www.iobis.org/mapper/?dataset=2411, accessed 2012."
23,BioTIME,147,Invertebrates,Marine,-39.39754032,172.8414973,"""South Western Pacific Regional OBIS Data Bryozoan Subset"". Accessed through South Western Pacific OBIS. Available at: http://www.iobis.org/mapper/?dataset=221, accessed 2012."
24,BioTIME,148,Fish,Marine,-42.53082611,175.449802,"""South Western Pacific Regional OBIS Data provider for the NIWA Marine Biodata Information System"". Ocean Biogeographic Information System. Occurrence Dataset. Available at: https://doi.org/10.15468/zuuiyu, accessed 2012."
25,BioTIME,152,Invertebrates,Marine,43.32714286,-179.6014286,"""CMarZ (Census of Marine Zooplankton)-Asia Database"". Accessed through OBIS- SCAR-MarBIN. Available at: http://www.iobis.org/mapper/?dataset=1500, accessed 2012."
26,BioTIME,162,Benthos,Marine,34.64678438,-81.53982453,"""EPA'S EMAP Database"". U.S. Environmental Protection Agency through its Environmental Monitoring and Assessment Program (EMAP).  Available at: http://www.iobis.org, accessed 2012. Also available at https://archive.epa.gov/emap/archive-emap/web/html/index-21.html"
27,BioTIME,163,Benthos,Marine,56.67096154,-166.4678054,"""The Observer Program database"", accessed through the OBIS-USA North Pacific Groundfish Observer (North Pacific Research Board). Available at: http://www.iobis.org, accessed 2012. "
28,BioTIME,166,Multiple taxa,Marine,47.07662125,-63.5059273,"""PIROP Northwest Atlantic 1965-1992 - OBIS SEAMAP"". Available at: http://www.iobis.org/mapper/?dataset=2245, accessed 2012."
29,BioTIME,166,Multiple taxa,Marine,47.07662125,-63.5059273,"Brown, R.G., Nettleship, D.N., Germain, P., Tull, C.E. & Davis, T. (1975) Atlas of eastern Canadian seabirds."
30,BioTIME,166,Multiple taxa,Marine,47.07662125,-63.5059273,"Diamond, A., Gaston, A. & Brown, R. (1986) Converting PIROP Counts of Seabirds at Sea to Absolute Densities. Progress Notes No 164. Canadian Wildlife Service, Ottawa,"
31,BioTIME,166,Multiple taxa,Marine,47.07662125,-63.5059273,"Halpin, P.N., Read, A.J., Fujioka, E., Best, B.D., Donnelly, B., Hazen, L.J., Kot, C., Urian, K., LaBrecque, E. & Dimatteo, A. (2009) OBIS-SEAMAP: The world data center for marine mammal, sea bird, and sea turtle distributions. Oceanography, 22, 104-115."
32,BioTIME,166,Multiple taxa,Marine,47.07662125,-63.5059273,"Huettmann, F. (1998) An ecological GIS research application for the northern Atlantic-The PIROP database software, environmental data sets and the role of the internet. In: Riekert W.-F. and Tochtermann K. (Eds.) Hypermedia im Umweltschutz Proceedings of Deutsche Gesellschaft f?r Informatik (GI) and Forschungsinstitut f?r anwendungsorientierte Wissensverarbeitung (FAW) Ulm. Umwelt-Informatik aktuell; Bd.17, Metropolis Verlag/Marburg. pp. 213-217"
33,BioTIME,166,Multiple taxa,Marine,47.07662125,-63.5059273,"Read, A., Halpin, P., Crowder, L., Best, B. & Fujioka, E. (2010) OBIS-SEAMAP: mapping marine mammals, birds and turtles. World Wide Web electronic publication. http://seamap. env. duke. Edu"
34,BioTIME,169,Multiple taxa,Marine,34.21596198,-120.9360713,"Jahncke, J. & Rintoul, C. (2006) ""CalCOFI and NMFS Seabird and Marine Mammal Observation Data, 1987-2006"". California Cooperative Oceanic Fisheries Investigations (CalCOFI) and National Marine Fisheries Service (NMFS) cruises, 1987-2006 - OBIS SEAMAP. Available at: http://www.iobis.org, accessed 2012."
35,BioTIME,169,Multiple taxa,Marine,34.21596198,-120.9360713,"Rintoul, C., Schlagenhauf-Langabeer, B., Hyrenbach, K. D., Morgan, K. H. & Sydeman, W. J. (2006) Atlas of California Current Marine Birds and Mammals: Version 1. Unpublished report, PRBO Conservation Science, Petaluma, California."
36,BioTIME,169,Multiple taxa,Marine,34.21596198,-120.9360713,"Yen, P. P. W., Sydeman, W. J. & Hyrenbach, K. D. (2004) Marine bird and cetacean associations with bathymetric habitats and shallow-water topographies: Implications for trophic transfer and conservation. Journal of Marine Systems, 50, 79?99. "
37,BioTIME,169,Multiple taxa,Marine,34.21596198,-120.9360713,"Yen, P. P. W., Sydeman, W. J., Bograd, S. J. & Hyrenbach, K. D. (2006) Spring-time distributions of migratory marine birds in the southern California Current: Oceanic eddy associations and coastal habitat hotspots over 17 years. Deep-Sea Research Part II: Topical Studies in Oceanography, 53, 399?418."
38,BioTIME,171,Mammals,Marine,26.18075752,-77.27369441,"""Bahamas Marine Mammal Research Organisation Opportunistic Sightings - OBIS SEAMAP"". Available at: http://www.iobis.org, accessed 2012."
39,BioTIME,172,Multiple taxa,Marine,38.3611994,-27.77908722,"""POPA cetacean, seabird, and sea turtle sightings in the Azores area 1998-2009 - OBIS SEAMAP"". Available at: http://www.iobis.org/mapper/?dataset=4257, accessed 2012."
40,BioTIME,172,Multiple taxa,Marine,38.3611994,-27.77908722,"Amorim, P., Figueiredo, M., Machete, M., Morato, T., Martins, A. & Serr?o Santos, R. (2008) Spatial variability of seabird distribution associated with environmental factors: a case study of marine Important Bird Areas in the Azores. ICES Journal of Marine Science, 66, 29-40."
41,BioTIME,172,Multiple taxa,Marine,38.3611994,-27.77908722,"Machete, M. & Santos, R. (2007) Azores Fisheries Observer Program (POPA): a case study of the multidisciplinary use of observer data. Proceedings of the 5th International Fisheries Observer Conference, pp. 15-18."
42,BioTIME,172,Multiple taxa,Marine,38.3611994,-27.77908722,"Morato, T., Varkey, D.A., Damaso, C., Machete, M., Santos, M., Prieto, R., Santos, R.S. & Pitcher, T.J. (2008) Evidence of a seamount effect on aggregating visitors. Marine Ecology Progress Series, 357, 23-32."
43,BioTIME,173,Invertebrates,Marine,31.85890841,134.9034665,"""Marine Biological Sample Database, JAMSTEC"" (OBIS_JAPAN). Available at: http://www.iobis.org/mapper/?dataset=2289, accessed 2012."
44,BioTIME,176,Invertebrates,Marine,44.46226504,-62.38644532,"Kennedy, M. & Spry, J. (2011) Atlantic Zone Monitoring Program Maritimes Region plankton datasets. Fisheries and Oceans Canada-BioChem archive. OBIS Canada, Bedford Institute of Oceanography, Dartmouth, Nova Scotia, Canada."
45,BioTIME,178,Fish,Marine,50.20159553,-126.479642,"Boutillier, J.A. (2007) ""Pacific Shrimp Trawl Survey"". In: ShrimpTrawl Bio database, Fisheries and Oceans Canada PBS Shellfish Data Unit. OBIS Canada Digital Collections, Bedford Institute of Oceanography, Dartmouth, Nova Scotia, Canada.  Available at: http://www.iobis.org, accessed 2012."
46,BioTIME,180,Fish,Marine,45.40139037,-60.47037359,"""East Coast North America Strategic Assessment Project, Groundfish Atlas for the East Coast of North America"". Available at: http://www.iobis.org, accessed 2012."
47,BioTIME,182,Multiple taxa,Marine,47.52812299,-62.7356975,"Wade, E. (2011) Snow crab research trawl survey database (Southern Gulf of St. Lawrence, Gulf region, Canada) from 1988 to 2010. OBIS Canada, Bedford Institute of Oceanography, Dartmouth, Nova Scotia, Canada,"
48,BioTIME,183,Invertebrates,Marine,43.86205248,-62.27861383,"Tremblay, J.M. & Branton, B. (2007) DFO Maritimes Research Vessel Trawl Surveys, OBIS Canada Digital Collections. Bedford Institute of Oceanography, Dartmouth, Nova Scotia, Canada, OBIS Canada."
49,BioTIME,187,Benthos,Marine,37.39896958,-94.54570225,"""National Benthic Infaunal Database (NBID)"" (2003). NOAA/NOS/NCCOS/CCEHBR/Coastal Ecology Program. NOAA's Ocean Service, National Centers for Coastal Ocean Science (NCCOS). Available at: https://data.noaa.gov/dataset/national-benthic-infaunal-database-nbid, accessed 2012."
50,BioTIME,189,Fish,Marine,18.33833679,-64.72153619,"""St. John, USVI Fish Assessment and Monitoring Data (2002 - Present)"", (2007) Silver Spring, MD Publisher: NOAAs Ocean Service, National Centers for Coastal Ocean Science (NCCOS). National Oceanic and Atmospheric Association (NOAA)-National Ocean Service (NOS)-National Centers for Coastal Ocean Science (NCCOS)-Center for Coastal Monitoring and Assessment (CCMA)-Biogeography Team. Available at: http://www.iobis.org/mapper/?dataset=1672, accessed 2012."
51,BioTIME,190,Fish,Marine,17.78317724,-64.6192992,"""St. Croix, USVI Fish Assessment and Monitoring Data (2002 - Present)"", (2007) Silver Spring, MD Publisher: NOAAs Ocean Service, National Centers for Coastal Ocean Science (NCCOS). National Oceanic and Atmospheric Association (NOAA)-National Ocean Service (NOS)-National Centers for Coastal Ocean Science (NCCOS)-Center for Coastal Monitoring and Assessment (CCMA)-Biogeography Team. Available at: http://www.iobis.org/mapper/?dataset=1673, accessed 2012."
52,BioTIME,191,Invertebrates,Marine,41.65638387,-68.66872194,"""NEFSC Benthic Database (OBIS-USA)"", (2010) Northeast Fisheries Science Center, National Marine Fisheries Service, NOAA, U.S. Department of Commerce. Available at: http://www.iobis.org/mapper/?dataset=1694, accessed 2012."
53,BioTIME,192,Mammals,Marine,-60.50826446,79.92975207,"""Whale Catches in Southern Ocean"". OBIS - Australian Antarctic Data Centre. Available at: http://www.iobis.org, accessed 2013."
54,BioTIME,195,Birds,Terrestrial,40.23994055,-89.56250068,"USGS Patuxent Wildlife Research Center ?North American Breeding Bird Survey? ftp data set, version 2014.0. Available at: ftp://ftpext.usgs.gov/pub/er/md/laurel/BBS/DataFiles/, accessed 2013."
55,BioTIME,196,Benthos,Marine,60.45463871,-1.307432903,"Moore, J. J. & Howson, C. M. ?Survey of the rocky shores in the region of Sullom Voe, Shetland, A report to SOTEAG from Aquatic Survey & Monitoring Ltd?, Cosheston, Pembrokeshire. 29 p. Available at: http://www.soteag.org.uk, accessed 2013."
56,BioTIME,200,Invertebrates,Marine,40.21713886,-72.41807792,"""NEFSC Benthic Database (OBIS-USA)"", (2010) Northeast Fisheries Science Center, National Marine Fisheries Service, NOAA, U.S. Department of Commerce. Available at: http://www.iobis.org/mapper/?dataset=1694, accessed 2012."
57,BioTIME,204,Benthos,Marine,51.24950511,2.634771991,"Degraer, S., Wittoeck, J., Appeltans, W., Cooreman, K., Deprez, T., Hillewaert, H., Hostens, K., Mees, J., Vanden Berghe, E. & Vincx, M. (2006) ?Macrobel: Long term trends in the macrobenthos of the Belgian Continental Shelf.? Oostende, Belgium. Available at: http://www.emodnet-biology.eu/data-catalog?module=dataset&dasid=145, accessed 2013."
58,BioTIME,213,Benthos,Marine,40.54042788,-70.61489212,"""Northeast Fisheries Science Center Bottom Trawl Survey Data (OBIS-USA)."" (2005) NOAA?s National Marine Fisheries Service (NMFS) Northeast Fisheries Science Center. Woods Hole, Massachusetts, USA. Available at: http://www.iobis.org/mapper/?dataset=1435, accessed 2013."
59,BioTIME,214,Plants,Terrestrial,45.28991693,-122.5149635,"Harmon, M. & Franklin, J. (2012) ?Long-term growth, mortality and regeneration of trees in permanent vegetation plots in the Pacific Northwest, 1910 to present.? Long-Term Ecological Research. Forest Science Data Bank, Corvallis. Available at: http://andrewsforest.oregonstate.edu/data/abstract.cfm?dbcode=TV010, accessed 2012."
60,BioTIME,217,Birds,Terrestrial,47.00333179,-113.8480441,"USFS ?Landbird Monitoring Program (UMT-LBMP).? US Forest Service. Available at: http://www.avianknowledge.net/, accessed 2012."
61,BioTIME,229,Fish,Freshwater,35.17660097,-83.40959181,"McLarney, W. O., Meador, J. & Chamblee, J. (2010) ?Upper Little Tennessee River Biomonitoring Program Database.? Coweeta Long Term Ecological Research Program. Available at: https://coweeta.uga.edu/dbpublic/dataset_details.asp?accession=4045, accessed 2012."
62,BioTIME,232,Fish,Marine,-66.15753574,71.93070436,"Williams, D. ?Pelagic Fish Observations 1968-1999.? Australian Antarctic Data Centre. Available at: http://www.gbif.org/dataset/85b0a82a-f762-11e1-a439-00145eb45e9a, accessed 2012."
63,BioTIME,237,Invertebrates,Freshwater,43.03279,-89.3328275,"Lathrop, R. (2000) ?Madison Wisconsin Lakes Zooplankton 1976 - 1994.? North Temperate Lakes Long Term Ecological Research Program, Center for Limnology, University of Wisconsin-Madison. Available at: http://lter.limnology.wisc.edu/dataset/madison-wisonsin-lakes-zooplankton-1976-1994, accessed 2013."
64,BioTIME,247,Invertebrates,Freshwater,43.19523,-75.910925,"Rudstam, L. (2008) ?Zooplankton survey of Oneida Lake, New York, 1964 ? 2012?, KNB Data Repository. Available at: https://knb.ecoinformatics.org/#view/kgordon.17.56, accessed 2016."
65,BioTIME,252,Fish,Marine,32.62877907,-79.02813953,"Reichert, M. (2010) ?MARMAP Blackfish Trap Survey 1990-2009?. SCDNR/NOAA MARMAP Program. SCDNR MARMAP Aggregate Data Surveys. The Marine Resources Monitoring. Assessment. and Prediction (MARMAP) Program. Marine Resources Research Institute. South Carolina Department of Natural Resources USA. Available at: http://www.usgs.gov/obis-usa/. accessed 2013."
66,BioTIME,253,Invertebrates,Freshwater,46.02113814,-89.64332843,"NTL LTER ?North Temperate Lakes LTER: Zooplankton - Trout Lake Area 1982 - current.? NorthTemperate Lakes Long Term Ecological Research Program, Center for Limnology, University of Wisconsin-Madison. Available at: https://lter.limnology.wisc.edu/dataset/north-temperate-lakes-lter-zooplankton-trout-lake-area-1982-current, accessed 2013."
67,BioTIME,271,Fish,Marine,34.42129638,-119.8742864,"Reed, D. C. (2014a) ?SBC LTER: Reef: Kelp forest community dynamics: Abundance and size of giant kelp (Macrocystis pyrifera), ongoing since 2000?. Santa Barbara Coastal LTER. Available at: http://sbc.lternet.edu/cgi-bin/showDataset.cgi?docid=knb-lter-sbc.18, accessed 2016. doi:10.6073/pasta/d90872297e30026b263a119d4f5bca9f"
68,BioTIME,272,Invertebrates,Marine,34.35688691,-119.8922693,"Reed, D. C. (2014b) ?SBC LTER: Reef: Kelp forest community dynamics: Fish abundance?. Santa Barbara Coastal LTER. Available at: http://sbc.lternet.edu/cgi-bin/showDataset.cgi?docid=knb-lter-sbc.17, accessed 2016. doi:10.6073/pasta/e37ed29111b2fddffc08355252b8b8c7."
69,BioTIME,273,Invertebrates,Marine,34.35688727,-119.8922727,"Reed, D. C. (2014c) ?SBC LTER: Reef: Kelp forest community dynamics: Invertebrate and algal density?. Santa Barbara Coastal LTER. Available at: http://sbc.lternet.edu/cgi-bin/showDataset.cgi?docid=knb-lter-sbc.19, accessed 2016. doi:10.6073/pasta/cd4cf864efecd69891dfe1d73b9ac9c3."
70,BioTIME,274,Multiple taxa,Marine,34.42189556,-119.8778889,"Reed, D. C. (2014d) ?SBC LTER: Reef: Kelp forest community dynamics: Cover of sessile organisms, Uniform Point Contact?. Santa Barbara Coastal LTER. Available at: http://sbc.lternet.edu/cgi-bin/showDataset.cgi?docid=knb-lter-sbc.15, accessed 2016. doi:10.6073/pasta/f906c91e98c2a5fe752dfa0ccdc8895f."
71,BioTIME,278,Fish,Marine,-40.6660473,174.6602766,"""South Western Pacific Regional OBIS Data provider for the NIWA Marine Biodata Information System"". Ocean Biogeographic Information System. Occurrence Dataset. Available at: https://doi.org/10.15468/zuuiyu, accessed 2012."
72,BioTIME,285,Fish,Marine,-16.28333148,-38.79877222,"""Previous_fisheries_REVIZEE_Program"", accessed through Tropical and Subtropical Western South Pacific OBIS. Available at: http://www.iobis.org/mapper/?dataset=2411, accessed 2012."
73,BioTIME,286,Fish,Marine,44.03847544,-68.62020016,"Sherman, S. (2010) ""Maine Department of Marine Resources Inshore Trawl Survey, 2000 ? 2009"". Maine Department of Marine Resources, Maine. Available at: http://www.usgs.gov/obis-usa/data_search_and_access/datasets.html, accessed 2012."
74,BioTIME,288,Fish,Marine,43.91646688,-62.38141845,"Clark, D. & Branton, B. (2007) DFO Maritimes Research Vessel Trawl Surveys, OBIS Canada Digital Collections. Bedford Institute of Oceanography, Dartmouth, Nova Scotia, Canada, OBIS Canada,"
75,BioTIME,289,Fish,Marine,45.46863833,-58.53963697,"Clark, D. & Branton, B. (2007) DFO Maritimes Research Vessel Trawl Surveys, OBIS Canada Digital Collections. Bedford Institute of Oceanography, Dartmouth, Nova Scotia, Canada, OBIS Canada,"
76,BioTIME,290,Fish,Marine,-39.94123829,149.08692,"""CSIRO Marine Data Warehouse - OBIS Australia"", CSIRO Division of Marine and Atmospheric Research (CMAR), Australia. Available at http://www.iobis.org, accessed 2012."
77,BioTIME,291,Fish,Marine,-30.78346543,132.8600535,"""CSIRO Marine Data Warehouse - OBIS Australia"", CSIRO Division of Marine and Atmospheric Research (CMAR), Australia. Available at http://www.iobis.org, accessed 2012."
78,BioTIME,292,Fish,Marine,-41.96250938,147.3298125,"""CSIRO Marine Data Warehouse - OBIS Australia"", CSIRO Division of Marine and Atmospheric Research (CMAR), Australia. Available at http://www.iobis.org, accessed 2012."
79,BioTIME,297,Invertebrates,Marine,-17.5173745,-149.8272423,"Carpenter, R. (2015) ?MCR LTER: Coral Reef: Long-term Population and Community Dynamics: Other Benthic Invertebrates, ongoing since 2005?. Moorea Coral Reef LTER, knb-lter-mcr.7.28.  Available at: doi:10.6073/pasta/8e7b3a0c7a8bf315739921861cc79d10, accessed 2016."
80,BioTIME,300,Invertebrates,Terrestrial,42.41010535,-85.37134446,"Landis, D. & Gage, S. (2014) Insect Populations via Sticky Traps at KBS-LTER. Available at: http://lter.kbs.msu.edu/datatables/67, accessed 2016."
81,BioTIME,304,Plants,Terrestrial,-34.27137733,18.42391816,"Privett, S., Cowling, R. & Taylor, H. (2001) Thirty years of change in the fynbos vegetation of the Cape of Good Hope Nature Reserve, South Africa. Bothalia, 31(1), 99?115. doi:10.4102/abc.v31i1.509. "
82,BioTIME,304,Plants,Terrestrial,-34.27137733,18.42391816,"Taylor, H. (1984) A vegetation survey of the Cape of Good Hope Nature Reserve. I. The use of association-analysis and Braun-Blanquet methods. Bothalia, 15, 245?258."
83,BioTIME,304,Plants,Terrestrial,-34.27137733,18.42391816,"Thuiller, W., Slingsby, J. A., Privett, S. D. J. & Cowling, R. M. (2007) Stochastic Species Turnover and Stable Coexistence in a Species-Rich, Fire-Prone Plant Community. PLoS ONE, 2(9), e938. doi:10.1371/journal.pone.0000938"
84,BioTIME,321,Mammals,Terrestrial,32.55493643,-106.8160364,"Lightfoot, D. & Schooley, R. L. ?SMES rodent trapping data, Small Mammal Exclosure Study?. Jornada LTER. Available at: http://jornada.nmsu.edu/sites/jornada.nmsu.edu/files/data_files/JornadaStudy_086_smes_rodent_trapping_data_0.csv, accessed 2016."
85,BioTIME,330,Invertebrates,Marine,-34.89156731,149.1604406,"Davies, C. H., Armstrong, A. J., Baird, M., Coman, F., Edgar, S., Gaughan, D., Greenwood, J., Gusm?o, F., Henschke, N., Koslow, J. A., Leterme, S. C., McKinnon, A. D., Miller, M., Pausina, S., Palomino, J. U., Roennfeldt, R.-L., Rothlisberg, P., Slotwinski, A., Strzelecki, J., Suthers, I. M., Swadling, K. M., Talbot, S., Tonks, M., Tranter, D. H., Young, J. W. & Richardson, A. J. (2014) Over 75 years of zooplankton data from Australia. Ecology, 95, 3229. http://dx.doi.org/10.1890/14-0697.1."
86,BioTIME,354,Plants,Marine,-31.80427198,147.9374027,"Davies, C. H., Coughlan, A., Hallegraeff, G., Ajani, P., Armbrecht, L., Atkins, N., Bonham, P., Brett, S., Brinkman, R., Burford, M., Clementson, L., Coad, P., Coman, F., Davies, D., Dela-Cruz, J., Devlin, M., Edgar, S., Eriksen, R., Furnas, M., Hassler, C., Hill, D., Holmes, M., Ingleton, T., Jameson, I., Leterme, S. C., L?nborg, C., McLaughlin, J., McEnnulty, F., McKinnon, A. D., Miller, M., Murray, S., Nayar, S., Patten, R., Pritchard, T., Proctor, R., Purcell-Meyerink, D., Raes, E., Rissik, D., Ruszczyk, J., Slotwinski, A., Swadling, K. M., Tattersall, K., Thompson, P., Thomson, P., Tonks, M., Trull, T.W., Uribe-Palomino, J., Waite, A. M., Yauwenas, R., Zammit, A. & Richardson, A. J. (2016) A database of marine phytoplankton abundance, biomass and species composition in Australian waters. Scientific Data, 3, 160043. http://10.1038/sdata.2016.43."
87,BioTIME,356,Plants,Terrestrial,-16.91006438,145.473895,"Bradford, M.G., Murphy, H.T., Ford, A.J., Hogan, D.L. & Metcalfe, D.J. (2014) Long?term stem inventory data from tropical rain forest plots in Australia. Ecology, 95, 2362-2362."
88,BioTIME,359,Fish,Marine,34.42611938,-119.9275128,"Reed, D. C. (2014) ?SBC LTER: Reef: Kelp Forest Community Dynamics: Fish abundance?. Santa Barbara Coastal LTER. Available at: doi:10.6073/pasta/e37ed29111b2fddffc08355252b8b8c7, accessed 2016."
89,BioTIME,374,Birds,Marine,34.93301175,136.080313,"Monitoring Site 1000 Project, Biodiversity Center, Ministry of Environment of Japan (2013) ?Monitoring site 1000 Shorebird Survey? (ShorebirdsDatapackage2012.zip, downloaded from http://www.biodic.go.jp/moni1000/ findings/data/index.html). Accessed 2016."
90,BioTIME,375,Invertebrates,Terrestrial,38.19241379,138.697931,"Monitoring Site 1000 Project, Biodiversity Center, Ministry of Environment of Japan (2014) ?Monitoring site 1000 Forest and grassland research - Surface wandering beetles survey data? (GBDataPackage2014ver1.zip, downloaded from http://www.biodic.go.jp/moni1000/findings/data/index.html). Accessed 2016."
91,BioTIME,418,Fish,Marine,-19.27609181,148.7676031,"Sweatman, H.P.A., Cheal, A.J., Coleman, G.J., Delean, S., Fitzpatrick, B.M., Miller, I.R., Ninio, R., Osborne, K., Page, C.M. & Thompson, A.A. (2001) Long-Term Monitoring of the Great Barrier Reef. Status Report Number 5. Available at: http://www.iobis.org/mapper/?dataset=233, accessed 2017."
92,BioTIME,428,Fish,Marine,58.90356382,9.488515335,"Barcel?, C., Ciannelli, L., Olsen, E.M., Johannessen, T. & Knutsen, H. (2016) Eight decades of sampling reveal a contemporary novel fish assemblage in coastal nursery habitats. Global change biology, 22, 1155-1167."
93,BioTIME,428,Fish,Marine,58.90356382,9.488515335,"Olsen, E. M., Carlson, S. M., Gj?s?ter, J. & Stenseth, N. C. (2009) Nine decades of decreasing phenotypic variability in Atlantic cod. Ecology Letters, 12, 622?631. doi:10.1111/j.1461-0248.2009.01311.x"
94,BioTIME,428,Fish,Marine,58.90356382,9.488515335,"Rogers, L. A., Stige, L. C., Olsen, E. M., Knutsen, H., Chan, K.-S. & Stenseth, N. C. (2011) Climate and population density drive changes in cod body size throughout a century on the Norwegian coast. Proceedings of the National Academy of Sciences, 108(5), 1961?1966."
95,BioTIME,428,Fish,Marine,58.90356382,9.488515335,"Stenseth, N. C., Bj?rnstadf, O. N., Falck, W, Fromentin, J. M., Gj?sieter, J. & Gray, J. S. (1999) Dynamics of coastal cod populations: intra-and intercohort density dependence and stochastic processes. Proceedings of the Royal Society of London B: Biological Sciences, 266(1429), 1645?1654."
96,BioTIME,430,Fish,Freshwater,-42.65907306,171.7190394,"NIWA ?The New Zealand Freshwater Fish Database?. Available at: https://www.niwa.co.nz/our-services/online-services/freshwater-fish-database, accessed 2016."
97,BioTIME,431,Fish,Freshwater,-40.40396656,172.996837,"NIWA ?The New Zealand Freshwater Fish Database?. Available at: https://www.niwa.co.nz/our-services/online-services/freshwater-fish-database, accessed 2016."
98,BioTIME,432,Fish,Freshwater,-40.0532908,174.1488453,"NIWA ?The New Zealand Freshwater Fish Database?. Available at: https://www.niwa.co.nz/our-services/online-services/freshwater-fish-database, accessed 2016."
99,BioTIME,433,Invertebrates,Freshwater,68.617688,-149.60883,"Budy, P., Luecke, C. & O'Brien, J. ?Zooplankton density for lake samples collected near Toolik Lake Arctic LTER in the summer from 1983 to 1992?. Arctic Long-Term Ecological Research.  Available at: http://arc-lter.ecosystems.mbl.edu/1983-1992arclterzoops, accessed 2016."
100,BioTIME,433,Invertebrates,Freshwater,68.617688,-149.60883,"Budy, P., Luecke, C. & O'Brien, J. ?Zooplankton density for lake samples collected near Toolik Lake Arctic LTER in the summers between 1993-2002?. Arctic Long-Term Ecological Research.  Available at: http://arc-lter.ecosystems.mbl.edu/1993-2002arcticlterzoops, accessed 2016."
101,BioTIME,466,Fish,Marine,57.38556664,-10.53410482,"Neat, F. & Campbell, N. (2011) Demersal fish diversity of the isolated Rockall plateau compared with the adjacent west coast shelf of Scotland. Biological Journal of the Linnean Society, 104, 138?147. doi:10.1111/j.1095-8312.2011.01699.x."
102,BioTIME,467,Fish,Marine,40.67416778,-8.689536667,"Pombo, L. & Rebelo, J. E. (2002) Spatial and temporal organization of a coastal lagoon fish community-Ria de Aveiro, Portugal. Cybium, 26(3), 185?196."
103,BioTIME,467,Fish,Marine,40.67416778,-8.689536667,"Pombo, L., Elliott, M. I. & Rebelo, J. E. (2005) Environmental influences on fish assemblage distribution of an estuarine coastal lagoon, Ria de Aveiro (Portugal). Scientia Marina, 69(1), 143?159."
104,BioTIME,467,Fish,Marine,40.67416778,-8.689536667,"Pombo, L., Rebelo, J. E. & Elliott, M. (2007) The structure, diversity and somatic production of the fish community in an estuarine coastal lagoon, Ria de Aveiro (Portugal). Hydrobiologia, 587(1), 253?268."
105,BioTIME,467,Fish,Marine,40.67416778,-8.689536667,"Rebelo, J. E. (1992) The ichthyofauna and abiotic hydrological environment of the Ria de Aveiro, Portugal. Estuaries, 15(3), 403?413."
106,BioTIME,468,Benthos,Marine,33.24008143,-119.518,"Kenner, M. C., Estes, J. A., Tinker, M. T., Bodkin, J. L., Cowen, R. K., Harrold, C., Hatfield, B. B., Novak, M., Rassweiler, A. & Reed, D. C. (2013) A multi-decade time series of kelp forest community structure at San Nicolas Island, California (USA). Ecology, 94, 2654. http://dx.doi.org/10.1890/13-0561R.1."
107,BioTIME,469,Benthos,Marine,33.89929375,-119.6193625,"Kushner, D. J., Rassweiler, A., McLaughlin, J. P. & Lafferty, K. D. (2013). A multi-decade time series of kelp forest community structure at the California Channel Islands. Ecology, 94, 2655. http://dx.doi.org/10.1890/13-0562.1."
108,BioTIME,499,Invertebrates,Marine,51.35225,2.9,"Institute of Agricultural and Fisheries research (ILVO), Belgium (2016) Macrobenthos monitoring at long-term monitoring stations in the Belgian part of the North Sea between 1979 and 1999. Available at: http://dx.doi.org/10.14284/201, accessed 2016."
109,BioTIME,500,Invertebrates,Marine,51.40576875,3.025524375,"Institute of Agricultural and Fisheries research (ILVO), Belgium (2016) Macrobenthos monitoring at long-term monitoring stations in the Belgian part of the North Sea from 2001 on. Available at: http://dx.doi.org/10.14284/202, accessed 2016."
110,BioTIME,505,Multiple taxa,Marine,32.48554444,34.87003333,"Edelist, D., Rilov, G., Golani, D., Carlton, J.T. & Spanier, E. (2013) Restructuring the Sea: profound shifts in the world's most invaded marine ecosystem. Diversity and Distributions, 19, 69?77."
111,BioTIME,507,Fish,Marine,31.97202849,34.57150065,"van Rijn, I. ?Trawl fisheries in the Israeli Mediterranean 1980-2013?. Accessed 2016."
112,BioTIME,512,Plants,Terrestrial,51.34006057,11.86527429,"Hundt, R. (2001) ?kologisch-geobotanische Untersuchungen an den mitteldeutschen Wiesengesellschaften unter besonderer Ber?cksichtigung ihres Wasserhaushaltes und ihrer Ver?nderung durch die Intensivbewirtschaftung im Rahmen der Gro?fl?chenproduktion. Biosph?renreservat Rh?n, Th?ringen. Monografie, 3, 366."
113,BioTIME,512,Plants,Terrestrial,51.34006057,11.86527429,"Jandt, U. & Bruelheide, H. (2012) German vegetation reference database (GVRD). Biodiversity & Ecology, 4, 355-355."
114,BioTIME,516,Mammals,Terrestrial,-2.390843583,-59.91215425,"Rocha, R. (2017) Tropical forest fragmentation: effects on the spatio-temporal dynamics of its bat communities. PhD Thesis, University of Lisbon, Lisbon, Portugal."
115,BioTIME,516,Mammals,Terrestrial,-2.390843583,-59.91215425,"Rocha, R., L?pez-Baucells, A., Farneda, F.Z., Groenenberg, M., Bobrowiec, P.E.D., Cabeza, M., Palmeirim, J.M. & Meyer, C.F.J. (2017) Consequences of a large-scale fragmentation experiment for Neotropical bats: disentangling the relative importance of local and landscape-scale effects. Landscape Ecology, 32, 31-45."
116,BioTIME,516,Mammals,Terrestrial,-2.390843583,-59.91215425,"Sampaio, E.M., Kalko, E.K., Bernard, E., Rodr?guez-Herrera, B. & Handley, C.O. (2003) A biodiversity assessment of bats (Chiroptera) in a tropical lowland rainforest of Central Amazonia, including methodological and conservation considerations. Studies on Neotropical fauna and environment, 38, 17-31."
117,BioTIME,516,Mammals,Terrestrial,-2.390843583,-59.91215425,"Farneda, F.Z., Rocha, R., L?pez-Baucells, A., Sampaio, E.M., Palmeirim, J.M., Bobrowiec, P.E., Grelle, C.E. & Meyer, C.F. (2018) Functional recovery of Amazonian bat assemblages following secondary forest succession. Biological Conservation, 218, 192-199."
118,BioTIME,516,Mammals,Terrestrial,-2.390843583,-59.91215425,"Rocha, R., Ovaskainen, O., L?pez-Baucells, A., Farneda, F.Z., Sampaio, E.M., Bobrowiec, P.E.D., Cabeza, M., Palmeirim, J.M. & Meyer, C.F.J. (2018) Secondary forest regeneration benefits old-growth specialist bats in a fragmented tropical landscape. Scientific Reports, 8, 3819."
119,RivFishTIME,1,Fish,Freshwater,41.91083211,2.251170833,Ag?ncia Catalana de l?Aigua (2003) Desenvolupament d'un ?ndex d'integritat bi?tica (IBICAT) basat en l'?s dels peixos com a indicadors de la qualitat ambiental dels rius a Catalunya. Aplicaci? de la Directiva Marc en Pol?tica d?Aig?es de la Uni? Europea (2000/60/CE). 207 pages.
120,RivFishTIME,1,Fish,Freshwater,41.91083211,2.251170833,"Ag?ncia Catalana de l?Aigua (2010) Ajust de l??ndex d?Integritat Bi?tica (IBICAT) basat en l??s dels peixos com a indicadors de la qualitat ambiental als rius de Catalunya. Departament de Medi Ambient i Habitatge, Generalitat de Catalunya. 187 pages."
121,RivFishTIME,1,Fish,Freshwater,41.91083211,2.251170833,"Ag?ncia Catalana de l?Aigua (2018) ACORD GOV/139/2013, de 15 d?octubre, pel qual s?aprova el Programa de seguiment i control del Districte de conca fluvial de Catalunya per al per?ode 2013-2018."
122,RivFishTIME,2,Fish,Freshwater,-20.38034842,-50.36889868,"Casatti, L., Ferreira, C.P. & Carvalho, F.R. (2009) Grass-dominated stream sites exhibit low fish species diversity and dominance by guppies: an assessment of two tropical pasture river basins. Hydrobiologia, 632, 273?283."
123,RivFishTIME,2,Fish,Freshwater,-20.38034842,-50.36889868,"Zeni, J.O., Hoeinghaus, D.J. & Casatti, L. (2017) Effects of pasture conversion to sugarcane for biofuel production on stream fish assemblages in tropical agroecosystems. Freshwater Biology, 62, 2026?2038."
124,RivFishTIME,4,Fish,Freshwater,46.76554095,17.29076905,"Eros, T., S?ly, P., Tak?cs, P., Higgins, C.L., B?r?, P. & Schmera, D. (2014) Quantifying temporal variability in the metacommunity structure of stream fishes: the influence of non-native species and environmental drivers. Hydrobiologia, 722, 31?43."
125,RivFishTIME,5,Fish,Freshwater,39.8351075,-86.9246525,"Gammon, J. (2003) The fish communities of Big Raccoon Creek 1981-2002. Report for Heritage Environmental Services. Indianapolis, Indiana. 258 pages."
126,RivFishTIME,6,Fish,Freshwater,-27.41544893,152.7884922,"Bunn, S.E., Abal, E.G., Smith, M.J., Choy, S.C., Fellows, C.S., Harch, B.D., Kennard, M.J. & Sheldon, F. (2010) Integration of science and monitoring of river ecosystem health to guide investments in catchment protection and rehabilitation. Freshwater Biology, 55, 223?240."
127,RivFishTIME,7,Fish,Freshwater,63.04758537,25.36213963,Finnish electrofishing register Hertta (2019) Available at https://wwwp2.ymparisto.fi/koekalastus_sahko/yhteinen/Login.aspx?ReturnUrl=%2fkoekalastus_sahko [Accessed on 04/09/2019].
128,RivFishTIME,8,Fish,Freshwater,48.886222,-64.442166,"Sigouin, D. (2017) Fish Communities ? Forillon, dataset fe2441a6-8ae4-4884-b181-cd7ec53bd842. Available at https://open.canada.ca/data/en/dataset/fe2441a6-8ae4-4884-b181-cd7ec53bd842 [Accessed on 05/07/2019]."
129,RivFishTIME,9,Fish,Freshwater,38.457375,-96.567075,"Whitney, J.E., Gido, K.E., Martin, E.C. & Hase K.J. (2016) The first to arrive and the last to leave: colonisation and extinction dynamics of common and rare fishes in intermittent prairie streams. Freshwater Biology, 61, 1321?1334."
130,RivFishTIME,10,Fish,Freshwater,33.30254833,-108.4750333,"Gido, K.B, Propst, D.L., Olden, J.D., & Bestgen, K.R. (2013) Multidecadal responses of native and introduced fishes to natural and altered flow regimes in the American Southwest. Canadian Journal Fisheries and Aquatic Sciences, 70, 554?564"
131,RivFishTIME,10,Fish,Freshwater,33.30254833,-108.4750333,"Gido, K.B, Propst, D.L., Whitney, J.E., Hedden, S.C., Turner, T.F. & Pilger, T.J. (2019) Pockets of resistance: Response of arid-land fish communities to climate, hydrology, and wildfire. Freshwater Biology, 64, 761?777."
132,RivFishTIME,11,Fish,Freshwater,33.29700667,-108.47795,"Kesner, B.R. & Marsh, P.C. (2010) Central Arizona project fish monitoring: Final report. Analysis of fish population monitoring data for selected waters of the Gila River Basin, Arizona, for the five year period 2005-2009. Contract No. R09PD32013. Submitted to U.S. Bureau of Reclamation. Tempe, Arizona: Marsh and Associates, LLC. 50 pages."
133,RivFishTIME,14,Fish,Freshwater,42.9521163,141.6193111,"Terui, A., Ishiyama, N., Urabe, H., Ono, S., Finlay, J. C. & Nakamura, F. (2018) Metapopulation stability in branching river networks. Proceedings of the National Academy of Sciences, 115, E5963?E5969."
134,RivFishTIME,15,Fish,Freshwater,42.34333154,-93.83472154,Iowa DNR [Department of Natural Resources] (2013) BioNet - Iowa DNR Biological Monitoring and Assessment Database. Available at https://programs.iowadnr.gov/bionet/ [Accessed on 02/01/2018].
135,RivFishTIME,16,Fish,Freshwater,45.61421667,11.94406033,"Milardi, M., Gavioli, A., Soana, E., Lanzoni, M., Fano, E.A. & Castaldelli, G. (2020) The role of species introduction in modifying the functional diversity of native communities. Science of the Total Environment, 699, 134364."
136,RivFishTIME,17,Fish,Freshwater,8.8664175,-5.49968475,"Lev?que, C., Hougard, J.M., Resh, V., Statzner, B. & Yam?ogo, L. (2003) Freshwater ecology and biodiversity in the tropics: what did we learn from 30 years of onchocerciasis control and the associated biomonitoring of West African rivers? Hydrobiologia, 500, 23?49."
137,RivFishTIME,18,Fish,Freshwater,34.5297525,-95.2909325,"Pyron, M., Vaughn, C.C., Winston, M.R. & Pigg J. (1998) Fish assemblage structure from 20 years of collections in the Kiamichi River, Oklahoma. Southwestern Naturalist, 43, 336?343."
138,RivFishTIME,21,Fish,Freshwater,41.1658363,-90.56991593,Long Term Resource Monitoring Program (2016) Available at https://www.umesc.usgs.gov/data_library/fisheries/fish1_query.shtml [Accessed on 06/09/2019].
139,RivFishTIME,20,Fish,Freshwater,35.15655889,-83.42882556,"McLarney, W.O., Meador, J. & Chamblee, J. (2013) Upper Little Tennessee River biomonitoring program database. Coweeta Long Term Ecological Research Program. Available at: https://coweeta.uga.edu/dbpublic/dataset_details.asp?accession54045 [Accessed on 11/15/2019]."
140,RivFishTIME,23,Fish,Freshwater,-30.83838842,146.8397737,Murray-Darling Basin Authority (2018) Murray-Darling Basin Fish and Macroinvertebrate Survey. Available at https://data.gov.au/data/dataset/7826d7c9-bcc5-48c0-832a-66aaedfe7b0f [Accessed on 10/15/2019].
141,RivFishTIME,24,Fish,Freshwater,46.11886,-93.13881125,Minnesota Pollution Control Agency (2018) Surface water data. Available at https://cf.pca.state.mn.us/water/watershedweb/wdip/search_more.cfm?datatype=assessments [Accessed on 04/03/2019].
142,RivFishTIME,25,Fish,Freshwater,47.1726675,-113.7873458,"Montana, Fish, Wildlife & Parks (2019) Fish Survey Sites. Available at http://gis-mtfwp.opendata.arcgis.com/datasets/8192e75218c6460ba97ba3dd0a2fb3a5 [Accessed on 05/21/2019]."
143,RivFishTIME,26,Fish,Freshwater,38.2497675,-99.25606417,"U.S. Geological Survey (2019) BioData - Aquatic Bioassessment Data for the Nation. Available at https://aquatic.biodata.usgs.gov/clearCriteria.action [Accessed on 10/15/2019], doi:10.5066/F77W698B."
144,RivFishTIME,27,Fish,Freshwater,52.75176939,-1.909686449,U.K. Environmental Agency (2019) National Fish Populations Database (NFPD): Freshwater fish survey relational datasets. Available at https://data.gov.uk/dataset/d129b21c-9e59-4913-91d2-82faef1862dd/nfpd-freshwater-fish-survey-relational-datasets [Accessed on 10/15/2019].
145,RivFishTIME,28,Fish,Freshwater,35.66244435,-80.36492348,North Carolina Department of Environmental Quality (2018) Fish Community Assessment Data. Available at https://deq.nc.gov/about/divisions/water-resources/water-resources-data/water-sciences-home-page/biological-assessment-branch/fish-community [Accessed on 02/06/2018].
146,RivFishTIME,29,Fish,Freshwater,-19.230486,-47.00076,"Fagundes, D.C., Leal, C.G., Carvalho, D.R., Junqueira, N.T., Langeani, F. & Pompeu, P.S. (2015) The stream fish fauna from three regions of the Upper Paran? River basin. Biota Neotropica, 15, 1?8."
147,RivFishTIME,30,Fish,Freshwater,35.39355,-97.577,"Winston, M.R., Taylor, C.M. & Pigg, J. (1991) Upstream extirpation of four minnow species due to damming of a prairie stream. Transactions of the American Fisheries Society, 120, 98?105."
148,RivFishTIME,30,Fish,Freshwater,35.39355,-97.577,"Taylor, C.M.? (2010) Covariation among plains stream fish assemblages, flow regimes, and patterns of water use. In: Community ecology of stream fishes: concepts, approaches, and techniques.? American Fisheries Society Symposium, 2010."
149,RivFishTIME,32,Fish,Freshwater,46.37930967,2.255371805,Office fran?ais de la biodiversit? (2019) Suivi des ?l?ments biologiques ?POISSONS? des rivi?res fran?aises. Available at http://www.naiades.eaufrance.fr/acces-donnees#/hydrobiologie [Accessed on 07/08/2019].
150,RivFishTIME,34,Fish,Freshwater,43.13383444,-2.550553315,Agencia Vasca del Agua (2019) UBEGI. Informaci?n sobre el estado de las masas de agua de la CAPV. Available at http://www.uragentzia.euskadi.eus/informacion/ubegi/u81-0003341/es/ [Accessed 10/10/2019].
151,RivFishTIME,36,Fish,Freshwater,33.5378,-104.3333364,"Davenport, S. R. (Unpublished data)."
152,RivFishTIME,37,Fish,Freshwater,-29.57496182,-50.26146045,"Dala-Corte, R.B, Becker, F.G. & Melo, A.S. (2017) The importance of metacommunity processes for long-term turnover of riffle-dwelling fish assemblages depends on spatial position within a dendritic network. Canadian Journal of Fisheries and Aquatic Sciences, 74, 101?115."
153,RivFishTIME,38,Fish,Freshwater,38.7971,-122.381525,"B?che, L.A., Connors, P.G., Resh, V.H. & Merenlender, A.M. (2009) Resilience of fishes and invertebrates to prolonged drought in two California streams. Ecography, 32, 778?788."
154,RivFishTIME,38,Fish,Freshwater,38.7971,-122.381525,The Resh Lab (2019) Hunting Creek and Knoxville Creek long-term data. Available at: https://nature.berkeley.edu/reshlab/data/HCKC_fish.xls [Accessed 05/19/2019].
155,RivFishTIME,39,Fish,Freshwater,43.87436944,-79.24470556,Toronto and Region Conservation Authority (TRCA) (2018) Watershed Fish Community. Available at https://data.trca.ca/dataset/2018-watershed-fish-community [Accessed on 09/18/2019].
156,RivFishTIME,42,Fish,Freshwater,60.44747359,16.29797325,"Sers, B. (2013) Swedish Electrofishing RegiSter ? SERS. Swedish University of Agricultural Sciences (SLU), Department of Aquatic Resources. Available at http://www.slu.se/elfiskeregistret [Accessed on 11/18/2019]."
157,RivFishTIME,41,Fish,Freshwater,32.14300714,-110.2934714,"Stefferud, J.A. (Unpublished data)."
158,RivFishTIME,43,Fish,Freshwater,41.71732,2.457264222,"Benejam, L., Angermeier, P.L., Munn?, A. & Garc?a-Berthou, E. (2010) Assessing effects of water abstraction on fish assemblages in Mediterranean streams. Freshwater Biology 55, 628?642."
159,RivFishTIME,43,Fish,Freshwater,41.71732,2.457264222,"Merciai, R., Molons-Sierra, C., Sabater, S. & Garc?a-Berthou, E. (2017) Water abstraction affects abundance, size-structure and growth of two threatened cyprinid fishes. Plos One, 12, e0175932."
160,RivFishTIME,45,Fish,Freshwater,34.88427286,-112.2515,"Rinne, J.N., & Miller, D. (2006) Hydrology, geomorphology and management: implications for sustainability of native southwestern fishes. Reviews in Fisheries Sciences 14, 91?110."
161,RivFishTIME,46,Fish,Freshwater,51.01736429,4.556851429,"Van Thuyne, G., Breine, J., Verreycken, H., De Boeck, T., Brosens, D. & Desmet, P. (2013) VIS - Fishes in inland waters in Flanders, Belgium. Research Institute for Nature and Forest (INBO). Dataset/Occurrence. Available at https://www.gbif.org/dataset/823dc56e-f987-495c-98bf-43318719e30f [Accessed on 04/11/2017], doi:10.15468/gzyxyd."
162,RivFishTIME,46,Fish,Freshwater,51.01736429,4.556851429,"Brosens, D., Breine, J., Van Thuyne, G., Belpaire, C., Desmet, P. & Verreycken, H. (2015) VIS ? A database on the distribution of fishes in inland and estuarine waters in Flanders, Belgium. ZooKeys, 475, 119-145."
