dataset_name,id,dataset_id,authors,title,year_of_publication,journal/book/repository,reference,contact person,contact email address,last version publication date dd-mm-yy,version,date of access dd-mm-yy,DOI,download URL,URL,right to reuse,license,country,taxa1,taxa2,realm,standardisation,data availability,lat,long
homogenisation,2,jimenez-uzcategui_2014,"Gustavo Jiménez-Uzcátegui, Howard L. Snell",CDF Checklist of Galapagos Mammals,2014,"Bungartz, F., Herrera, H., Jaramillo, P., Tirado, N., Jiménez-Uzcátegui, G., Ruiz, D., Guézou, A. & Ziemmeck, F. (eds.). Charles Darwin Foundation Galapagos Species Checklist - Lista de Especies de Galápagos de la Fundación Charles Darwin. Charles Darwin Foundation / Fundación Charles Darwin, Puerto Ayora, Galapagos",,Darwin Foundation,datazone@fcdarwin.org.ec,24/01/2014,1,,NA,https://www.researchgate.net/profile/John_Starmer/publication/267795701_WAR-IN-THE-PACIFIC_NATIONAL_HISTORICAL_PARK_MARINE_BIOLOGICAL_SURVEY_WAR-IN-THE-PACIFIC_NATIONAL_HISTORICAL_PARK/links/54b5bcfd0cf26833efd3437a/WAR-IN-THE-PACIFIC-NATIONAL-HISTORICAL-PARK-MARINE-BIOLOGICAL-SURVEY-WAR-IN-THE-PACIFIC-NATIONAL-HISTORICAL-PARK.pdf,https://www.yumpu.com/user/checklists.datazone.darwinfoundation.org,open,,Galapagos PACIFIC,vertebrates,mammals,,,tables in the paper,,
homogenisation,4,amesbury_1999,"Steven S. Amesbury, David Ginsburg, Teina Rongo, Lisa Kirkendale, and John Starmer",WAR-IN-THE-PACIFIC NATIONAL HISTORICAL PARK MARINE BIOLOGICAL SURVEY,1999,Report to the U.S. National Park Service,,NA,NA,Jul-99,1,,NA,,,open,,USA,macroinvertebrates ; fish ; corals ; algae,,,,tables in the paper ; comparison between 1973 and 1999 for fish,,
homogenisation,5,chiba_2011,Satoshi Chiba and Kaustuv Roy,Selectivity of terrestrial gastropod extinctions on an oceanic archipelago and insights into the anthropogenic extinction process,2011,PNAS,,Kaustuv Roy,kroy@ucsd.edu,23/05/2011,1,,https://doi.org/10.1073/pnas.1100085108 ,,https://www.pnas.org/content/108/23/9496.short,open,,Japan,invertebrates,gastropods,,,excel table,,
homogenisation,9,opedal_2020,"Øystein H. Opedal, Mikael von Numers, Gleb Tikhonov, Otso Ovaskainen",Refining predictions of metacommunity dynamics by modeling species non-independence,2020,Ecology ,,Øystein H. Opedal,oystein.opedal@biol.lu.se,16/04/2020,1,,https://doi.org/10.1002/ecy.3067,https://doi.org/10.5281/zenodo.3712825,https://doi.org/10.5281/zenodo.3712825,,,finland,plants,,,,git repo downloadable on zenodo,,
homogenisation,10,taylor_2010a,Eric B. Taylor,Changes in taxonomy and species distributions and their influence on estimates of faunal homogenization and differentiation in freshwater fishes,2010,Diversity and Distributions,,Eric B. Taylor,etaylor@zoology.ubc.ca,,1,,https://doi.org/10.1111/j.1472-4642.2010.00670.x,,https://onlinelibrary.wiley.com/doi/full/10.1111/j.1472-4642.2010.00670.x,open,,canada,vertebrates,fish,,,excel table,,
homogenisation,12,baiser_2011,"Baiser, Benjamin; Valle, Dennis; Zelazny, Zoe; Burleigh, J. Gordon",Data from: Non-random patterns of invasion and extinction reduce phylogenetic diversity in island bird assemblages,2017,Ecography,,Benjamin Baiser,bbaiser@ufl.edu,07/03/2017,1,11/06/2020,https://doi.org/10.5061/dryad.rs714,,https://datadryad.org/stash/dataset/doi:10.5061/dryad.rs714,open,CC0 1.0,global,vertebrates,birds,,none,dryad,,
homogenisation,13,buckley_2015,"Lauren B. Buckley, Ce´sar R. Nufio, Evan M. Kirk and Joel G. Kingsolver",Elevational differences in developmental plasticity determine phenological responses of grasshoppers to recent climate warming,2015,Royal Society,,Lauren B. Buckley,,12/05/2015,1,11/06/2020,https://doi.org/10.5061/dryad.mp238,,https://datadryad.org/stash/dataset/doi:10.5061/dryad.mp238,open,CC0 1.0,USA,invertebrates,grasshoppers,,none ; effort counts the number of time one block was surveyed in a given year.,dryad,,
homogenisation,14,cazelles_2019,"Kevin Cazelles, Timothy Bartley, Matthew M. Guzzo, Marie-Hélène Brice, Andrew S. MacDougall, Joseph R. Bennett, Ellen H. Esch, Taku Kadoya, Jocelyn Kelly, Shin-ichiro Matsuzaki, Karin A. Nilsson, Kevin S. McCann",Homogenization of freshwater lakes: Recent compositional shifts in fish communities are explained by gamefish movement and not climate change,2019,Global Change Biology,https://onlinelibrary.wiley.com/doi/epdf/10.1111/gcb.14829,Kevin Cazelles,kevin.cazelles@gmail.com,10/09/2019,1.0.0,16/06/2020,https://doi.org/10.5281/zenodo.3383237,https://zenodo.org/record/3383237,https://zenodo.org/record/3383237,open,CC BY NC,Canada,vertebrates,fish,,none,zenodo,,
homogenisation,15,cervantes-yoshida_2015,"Kristina Cervantes-Yoshida ,Robert A. Leidy,Stephanie M. Carlson","Contemporary Land Change Alters Fish Communities in a San Francisco Bay Watershed, California, U.S.A.",2015,PLOS ONE,,Kristina Cervantes-Yoshida,kcervantesyoshida@gmail.com,15/10/2016,,16/06/2020,http://dx.doi.org/10.5061/dryad.54hr0,https://datadryad.org/stash/dataset/doi:10.5061/dryad.54hr0,https://datadryad.org/stash/dataset/doi:10.5061/dryad.54hr0,open,CC0 1.0 ,USA,vertebrates,fish,,none,dryad,,
homogenisation,18,larkin_2015,"Daniel J. Larkin, Andrew L. Hipp, Jens Kattge, William Prescott, Rebecca K. Tonietto, Sarah K. Jacobi, Marlin L. Bowles",Phylogenetic measures of plant communities show long-term change and impacts of fire management in tallgrass prairie remnants,2015,Journal of Applied Ecology,,Daniel J. Larkin,dlarkin@chicagobotanic.org,30/07/2015,1,17/06/2020,https://doi.org/10.5061/dryad.763v6,https://datadryad.org/stash/dataset/doi:10.5061/dryad.763v6,https://datadryad.org/stash/dataset/doi:10.5061/dryad.763v6,open,CC0 1.0 ,USA,plants,,,none,dryad,,
homogenisation,19,muthukrishnan_2019,"Ranjan Muthukrishnan, Daniel J. Larkin",Invasive species and biotic homogenization in temperate aquatic plant communities,2020,"Dryad, Dataset", ,Ranjan Muthukrishnan,mrunj@iu.edu,03/02/2020,1,17/06/2020,https://doi.org/10.5061/dryad.15dv41nt2,https://datadryad.org/stash/dataset/doi:10.5061/dryad.15dv41nt2,https://doi.org/10.5061/dryad.15dv41nt2,open,,USA,plants,,,none ; effort counts the number of time one block was surveyed in a given year.,dryad,,
homogenisation,21,santana_2017,"Joana Santana, Miguel Porto, Luís Reino, Francisco Moreira, Paulo Flores Ribeiro, José Lima Santos, John T. Rotenberry, Pedro Beja",Using beta diversity to inform agricultural policies and conservation actions on Mediterranean farmland,2017,Journal of Applied Ecology, ,Joana Santana,joanafsantana@cibio.up.pt,16/02/2018,2,18/06/2020,https://doi.org/10.5061/dryad.kp3fv,https://datadryad.org/stash/dataset/doi:10.5061/dryad.kp3fv,https://doi.org/10.5061/dryad.kp3fv,open,CC0 1.0 ,Portugal,vertebrates,birds,,none,dryad,,
homogenisation,22,werner_2014,"Earl E. Werner ,Christopher J. Davis,David K. Skelly,Rick A. Relyea,Michael F. Benard,Shannon J. McCauley", Data from: Cross-scale interactions and the distribution-abundance relationship,2015,"Dryad, Dataset","Werner, Earl E. et al. (2015), Data from: Cross-scale interactions and the distribution-abundance relationship, Dryad, Dataset, https://doi.org/10.5061/dryad.js47k",Earl E. Werner,eewerner@umich.edu,06/05/2015,1,18/06/2020,https://doi.org/10.5061/dryad.js47k,https://datadryad.org/stash/dataset/doi:10.5061/dryad.js47k,https://datadryad.org/stash/dataset/doi:10.5061/dryad.js47k,open,CC0 1.0 ,USA,vertebrates,amphibians,,none,dryad,,
homogenisation,23,beldade_2015,"Ricardo Beldade​, Suzanne C. Mills, Joachim Claudet, Isabelle M. Côté","More coral, more fish? Contrasting snapshots froma remote Pacific atoll",2015,PeerJ,,Ricardo Beldade​,rbeldade@gmail.com,29/01/2015,1,29.01.2015,https://doi.org/10.7717/peerj.745,https://doi.org/10.7717/peerj.745/supp-1,https://doi.org/10.7717/peerj.745/supp-1,open,,Mataiva  French Polynesia,vertebrates,fish,,,supporting information,,
homogenisation,24,carlson_2004,"D. M. CARLSON, R. A. DANIELS","Status of Fishes in New York: Increases, Declines and Homogenization of Watersheds",2004,BioOne Complete / The American Midland Naturalist,,NA,NA,01.07.2004,1, ,https://doi.org/10.1674/0003-0031(2004)152[0104:SOFINY]2.0.CO;2,https://doi.org/10.1674/0003-0031(2004)152[0104:SOFINY]2.0.CO;2,https://doi.org/10.1674/0003-0031(2004)152[0104:SOFINY]2.0.CO;2,open,,USA,vertebrates,fish,,,appendix,,
homogenisation,26,peck_2012,"Peck, S. B., Herrera, H. W.","CDF Checklist of Galapagos Cockroaches, Mantids and Termites - FCD Lista de especies de Cucarachas, mantidos y termitas Galápagos.",2012,"Bungartz, F., Herrera, H., Jaramillo, P., Tirado, N., Jiménez-Uzcátegui, G., Ruiz, D., Guézou, A. & Ziemmeck, F. (eds.). Charles Darwin Foundation Galapagos Species Checklist - Lista de Especies de Galápagos de la Fundación Charles Darwin. Charles Darwin Foundation / Fundación Charles Darwin, Puerto Ayora, Galapagos",2011,NA,NA,27.11.2012,1,,NA,NA,http://checklists.datazone.darwinfoundation.org/vertebrates/,open,NA,Galapagos,invertebrates,insects,,,article,,
homogenisation,27,jimenez-uzcategui_2013,"Gustavo Jiménez-Uzcátegui, Cruz Márquez, Howard L. Snell",CDF Checklist of Galapagos Reptiles,2013,"Bungartz, F., Herrera, H., Jaramillo, P., Tirado, N., Jiménez-Uzcátegui, G., Ruiz, D., Guézou, A. & Ziemmeck, F. (eds.). Charles Darwin Foundation Galapagos Species Checklist - Lista de Especies de Galápagos de la Fundación Charles Darwin. Charles Darwin Foundation / Fundación Charles Darwin, Puerto Ayora, Galapagos",,Darwin Foundation,datazone@fcdarwin.org.ec,26/03/2013,1,,NA,NA,http://checklists.datazone.darwinfoundation.org/vertebrates/reptilia/,open,,Galapagos,vertebrates,reptiles,,,article,,
homogenisation,29,chiarucci_2017,"Alessandro Chiarucci, Simone Fattorini, Bruno Foggi, Sara Landi, Lorenzo Lazzaro, János Podani & Daniel Simberloff ",Plant recording across two centuries reveals dramatic changes in species diversity of a Mediterranean archipelago,2017,Scientific Reports ,,Alessandro Chiarucci,alessandro.chiarucci@unibo.it,05/12/2019,2,,DOI:10.1038/s41598-017-05114-5,https://doi.org/10.1038/s41598-017-05114-5,https://doi.org/10.1038/s41598-017-05114-5,open,http://creativecommons.org/licenses/by/4.0/     CC-BY-4.0,Tuscan archipelago ,plants,,,,supplementary,,
homogenisation,30,closset-kopp_2018,"Déborah Closset-Kopp, Tarek Hattab, Guillaume Decocq",Do drivers of forestry vehicles also drive herb layer changes (1970–2015) in a temperate forest with contrasting habitat and management conditions?,2018,Journal of Ecology,,Déborah Closset-Kopp,deborah.closset-kopp@u-picardie.fr,15/04/2019,1,,https://doi.org/10.1111/1365-2745.13118,http://www.forestreplot.ugent.be/,https://besjournals.onlinelibrary.wiley.com/doi/abs/10.1111/1365-2745.13118,open,,global,plants,,,,data set accessible only if asked to the authors for a collaboration?,,
homogenisation,32,corke_1992,David Corke,The status and conservation needs of the terrestrial herpetofauna of the Windward Islands (West Indies),1992,Biological Conservation,,David Corke,NA,05/11/1991,1,,https://doi.org/10.1016/0006-3207(92)91151-H,,https://www.sciencedirect.com/science/article/pii/000632079291151H,open,,West Indies,vertebrates,herpetofauna,,,article,,
homogenisation,33,cowie_2003,"Robert H.Cowie, A.C.Robinson",The decline of native Pacific island faunas: changes in status of the land snails of Samoa through the 20th century,2003,Biological Conservation,,Robert H.Cowie,cowie@hawaii.edu,01/03/2003,1,,https://doi.org/10.1016/S0006-3207(02)00176-3,,https://www.sciencedirect.com/science/article/pii/S0006320702001763,open,,American  Samoa,invertebrates,snails,,,article,,
homogenisation,34,dustan-halas_1987,Phillip Dustan & John C. Halas ,"Changes in the reef-coral community of Carysfort Reef, Key Largo, Florida: 1974 to 1982",1987,Coral Reefs volume,,NA,NA, 11-1987,1,,https://doi.org/10.1007/BF00301378,,,"Copyright © 1987, Springer-Verlag",,USA,invertebrates,coral,,,article,,
homogenisation,35,fitzgerald_1997,"Dean G. Fitzgerald, Ed Kott, Roman P. Lanno & D. George Dixon",A quarter century of change in the fish communities of three small streams modified by anthropogenic activities,1997,Journal of Aquatic Ecosystem Stress and Recovery,,,,Jun-97,1,,https://doi.org/10.1023/A:1009976923490,,https://link.springer.com/article/10.1023/A:1009976923490,"Copyright © 1997, Kluwer Academic Publisher",,Canada,vertebrates,fish,,,article,,
homogenisation,37,gido_2010,"Keith B. Gido, Walter K. Dodds, and Mark E. Eberle",Retrospective analysis of fish community change during a half-century of landuse and streamflow changes,2010,Journal of the North American Benthological Society,,NA,NA,29/09/2010,1,,https://doi.org/10.1899/09-116.1,,http://www.bioone.org/doi/full/10.1899/09-116.1   https://www.journals.uchicago.edu/doi/abs/10.1899/09-116.1,open,,USA,vertebrates,fish,,,appendix,,
homogenisation,39,pyle_2017,"Pyle, R.L., and P. Pyle","The Birds of the Hawaiian Islands: Occurrence, History, Distribution, and Status. Version 2 ",2017,"B.P. Bishop Museum, Honolulu, HI, U.S.A.","Pyle, R.L., and P. Pyle. 2017. The Birds of the Hawaiian Islands: Occurrence, History, Distribution, and Status. B.P. Bishop Museum, Honolulu, HI, U.S.A. Version 2 (1 January 2017) http://hbs.bishopmuseum.org/birds/rlp-monograph",Bishop Museum Archives,archives@bishopmuseum.org,01/01/2017,2,,NA,,http://hbs.bishopmuseum.org/birds/rlp-monograph/,open,,USA,vertebrates,birds,,,excel table,,
homogenisation,40,jimenez-uzcategui_2012,"Gustavo Jiménez-Uzcátegui, David A. Wiedenfeld, F. Hernán Vargas,",CDF Checklist of Galapagos Birds,2012,"Bungartz, F., Herrera, H., Jaramillo, P., Tirado, N., Jiménez-Uzcátegui, G., Ruiz, D., Guézou, A. & Ziemmeck, F. (eds.). Charles Darwin Foundation Galapagos Species Checklist - Lista de Especies de Galápagos de la Fundación Charles Darwin. Charles Darwin Foundation / Fundación Charles Darwin, Puerto Ayora, Galapagos",,Darwin Foundation,datazone@fcdarwin.org.ec,02-08-2-12,1,,NA,,http://checklists.datazone.darwinfoundation.org/vertebrates/aves/,open,,Galapagos,vertebrates,birds,,,article,,
homogenisation,43,kodric-brown_2007,"Astrid Kodric-Brown, Chris Wilcox, Jason G. Bragg and James H. Brown",Dynamics of fish in Australian desert springs: role of large-mammal disturbance,2007,Diversity and Distributions,,Astrid Kodric-Brown,kodric@unm.edu,14/08/2007,1,,https://doi.org/10.1111/j.1472-4642.2007.00395.x,,https://onlinelibrary.wiley.com/doi/abs/10.1111/j.1472-4642.2007.00395.x,open,,Australia,vertebrates,fish,,,article,,
homogenisation,45,sciberras_2012,"Jeffrey Sciberras, Arnold Sciberras & Luca Pisan",Updated checklist of flora of the satellite islets surrounding the Maltese Archipelago,2012,Biodiversity Journal,,Arnold Sciberras,bioislets@gmail.com,30/12/2012,1,,NA,,http://www.biodiversityjournal.com/pdf/3(4)_385-396.pdf,open,,malta,plants,,,,article,,
homogenisation,48,matthews_2016,"William J. Matthews, Edie Marsh-Matthews",Dynamics of an upland stream fish community over 40 years: trajectories and support for the loose equilibrium concept,2016, Ecological Society of America,,William J. Matthews,wmatthews@ou.edu,28/03/2019,1,,https://doi.org/10.1890/14-2179.1,, https://esajournals.onlinelibrary.wiley.com/doi/abs/10.1890/14-2179.1,open,,USA,vertebrates,fish,,,excel table,,
homogenisation,49,mcHugh_2011,"Matthew McHugh, David W.Simsac, Julian C.Partridge, Martin J.Genner",A century later: Long-term change of an inshore temperate marine fish assemblage,2011,Journal of Sea Research,,MatthewMcHugh,m.mchugh@mba.ac.uk,02/02/2011,1,,https://doi.org/10.1016/j.seares.2010.09.006,, https://www.sciencedirect.com/science/article/pii/S1385110110001097,open,,USA,vertebrates,fish,,,article,,
homogenisation,51,wiles_2005a,GARY J. WILES,A checklist of the birds and mammals of Micronesia,2005,Micronesica,"Wiles, G. J. (2005). A checklist of the birds and mammals of Micronesia. MICRONESICA-AGANA-, 38(1), 141.",GARY J. WILES,wilesharkey@yahoo.com,2005,1,,NA,NA,https://micronesica.org/sites/default/files/8_wiles.pdf,open,,Micronesia,vertebrates,birds,,,article,,
homogenisation,52,wiles_2005b,GARY J. WILES,A checklist of the birds and mammals of Micronesia,2005,Micronesica,"Wiles, G. J. (2005). A checklist of the birds and mammals of Micronesia. MICRONESICA-AGANA-, 38(1), 141.",GARY J. WILES,wilesharkey@yahoo.com,2005,1,,NA,NA,https://micronesica.org/sites/default/files/8_wiles.pdf,open,,Micronesia,vertebrates,mammals,,,article,,
homogenisation,57,pilarczyk_2006,"Pilarczyk, Megan M., Stewart, Paul M., Shelton, Douglas N., Blalock-Herod, Holly N., and Williams, James D.",Current and Recent Historical Freshwater Mussel Assemblages in the Gulf Coastal Plains,2006,Southeastern Naturalist,,Paul M. Stewart,mstewart@troy.edu,26/10/2006,1,,https://doi.org/10.1656/1528-7092(2006)5[205:CARHFM]2.0.CO;2,,https://bioone.org/journals/Southeastern-Naturalist/volume-5/issue-2/1528-7092(2006)5[205:CARHFM]2.0.CO;2/Current-and-Recent-Historical-Freshwater-Mussel-Assemblages-in-the-Gulf/10.1656/1528-7092(2006)5[205:CARHFM]2.0.CO;2.short,open,,USA,invertebrates,mussels,,,article,,
homogenisation,58,price_2017,"Price, Edward P. F.; Spyreas, Greg; Matthews, Jeffrey ",Biotic homogenization of regional wetland plant communities within short timescales in the presence of an aggressive invader,2018,Journal of Ecology ,"Price, Edward P. F.; Spyreas, Greg; Matthews, Jeffrey (2017): Biotic homogenization of regional wetland plant communities within short timescales in the presence of an aggressive invader. University of Illinois at Urbana-Champaign. https://doi.org/10.13012/B2IDB-0478588_V2", Jeffrey W. Matthews,jmatthew@illinois.edu,09/10/2017,2,24/06/2020,https://doi.org/10.13012/B2IDB-0478588_V2  In Journal of Ecology https://doi.org/10.1111/1365-2745.12883,,https://besjournals.onlinelibrary.wiley.com/doi/abs/10.1111/1365-2745.12883,open,CC0,USA,plants,,,,excel table,,
homogenisation,61,roman-palacios_2020,Cristian Román-Palacios and  View ORCID ProfileJohn J. Wiens,Recent responses to climate change reveal the drivers of species extinction and survival,2020,PNAS ,,roman-palacios,"cromanpa94@email.arizona.edu,",31/12/2019,1,24/06/2020,10.5061/dryad.4tmpg4f5w,https://datadryad.org/stash/dataset/doi:10.5061/dryad.4tmpg4f5w,https://datadryad.org/stash/dataset/doi:10.5061/dryad.4tmpg4f5w,open,cc0 1.0,global,multi group,,,,excel table,,
homogenisation,66,sorte_2018,"Cascade J. B. Sorte, Victoria E. Davidson, Marcus C. Franklin, Kylla M. Benes, Meredith M. Doellman, Ron J. Etter, Robyn E. Hannigan, Jane Lubchenco, Bruce A. Menge",Long‐term declines in an intertidal foundation species parallel shifts in community composition,2017,Global Ecology and Biogeography ,,Cascade J. B. Sorte,csorte@uci.edu,13/07/2016,1,24/06/2020,10.1111/gcb.13425  In The journa  https://doi.org/10.1111/gcb.13425,https://onlinelibrary.wiley.com/doi/full/10.1111/gcb.13425,https://onlinelibrary.wiley.com/doi/full/10.1111/gcb.13425,open,,USA,invertebrates,,,,excel table,,
homogenisation,67,starko_2019,"Samuel Starko  ,Lauren A. Bailey ,Elandra Creviston ,Katelyn A. James ,Alison Warren ,Megan K. Brophy ,Andreea Danasel ,Megan P. Fass ,James A. Townsend ,Christopher J. Neufeld ",Environmental heterogeneity mediates scale-dependent declines in kelp diversity on intertidal rocky shores,2019,PLOS ONE,"Starko S, Bailey LA, Creviston E, James KA, Warren A, Brophy MK, et al. (2019) Environmental heterogeneity mediates scaledependent declines in kelp diversity on intertidal rocky shores. PLoS ONE 14(3): e0213191.",Samuel Starko,samuel.starko@gmail.com,26/03/2019,1,,https://doi.org/10.1371/journal.pone.0213191,,https://journals.plos.org/plosone/article?id=10.1371/journal.pone.0213191,open,,Canada,algae,kelp,,,excel table,,
homogenisation,68,stevens_2016,"Carly J. Stevens, Tobias Ceulemans, John G. Hodgson, Susan Jarvis, J. Philip Grime, Simon M. Smart","Drivers of vegetation change in grasslands of the Sheffield region, northern England, between 1965 and 2012/13",2015,Applied Vegetation Science,,Carly J. Stevens,C.Stevens@lancaster.ac.uk,07/12/2015,1,,https://doi.org/10.1111/avsc.12206,,https://onlinelibrary.wiley.com/doi/full/10.1111/avsc.12206,open,CC BY 4.0),UK,plants,,,,excel table,,
homogenisation,72,vernon_2013,"Amanda L. Vernon, Tom A. Ranker",Current Status of the Ferns and Lycophytes of the Hawaiian Islands,2013,American Fern Journal,,AMANDA L. VERNON,amandaleevernon@gmail.com,01/04/2013,1,,https://doi.org/10.1640/0002-8444-103.2.59,https://doi.org/10.1640/0002-8444-103.2.59,https://doi.org/10.1640/0002-8444-103.2.59,,,USA,plants,ferns,,,appendix,,
homogenisation,73,vitule_2012,"Jean Ricardo Simões Vitule, Felipe Skóra, Vinícius Abilhoa",Homogenization of freshwater fish faunas after the elimination of a natural barrier by a dam in Neotropics,2011,Diversity and Distributions,,Jean Ricardo Simões Vitule,biovitule@gmail.com,24/10/2011,1,,https://doi.org/10.1111/j.1472-4642.2011.00821.x,https://doi.org/10.1111/j.1472-4642.2011.00821.x,https://onlinelibrary.wiley.com/doi/full/10.1111/j.1472-4642.2011.00821.x,open,,Brasil,vertebrates,fish,,,excel table,,
homogenisation,74,vojik_2018,Martin Vojík & Karel Boublík ,Fear of the dark: decline in plant diversity and invasion of alien species due to increased tree canopy density and eutrophication in lowland woodlands,2018,Plant Ecology ,,Martin Vojík,Contact though the journal website: https://link.springer.com/article/10.1007/s11258-018-0831-5/email/correspondent/c1/new,,,,https://doi.org/10.1007/s11258-018-0831-5,https://doi.org/10.1007/s11258-018-0831-5,https://link.springer.com/article/10.1007/s11258-018-0831-5,,,Czech Republic,plants,,,,supplementary,,
homogenisation,75,jones_2019,Stephen Jones,"Western Prairie Stream Fisheries: An Assessment of Past and Present Fish Assemblage Structure, Biotic Homogenization, and Population Dynamics in Western South Dakota Streams",2018,open prairie/Electronic Theses,,NA,NA,2018,1,,https://openprairie.sdstate.edu/etd/2699,,https://openprairie.sdstate.edu/cgi/viewcontent.cgi?article=3730&context=etd,open,,USA,vertebrates,fish,,,appendix,,
homogenisation,76,whillans_1979,T.H.Whillans,HISTORIC FISH COMMUNITY TRANSFORMATION COMMUNITIES IN THREE GREAT LAKES BAYS,2009,Journal of Great Lakes Research, ,NA,NA,1979,1,,https://doi.org/10.1016/S0380-1330(79)72146-0,,https://www.sciencedirect.com/science/article/pii/S0380133079721460,NA,,Canada,vertebrates,fish,,,article,,
homogenisation,78,becker-scarpitta_2018,"Antoine Becker-Scarpitta, Steve Vissault, Mark Vellend",Four decades of plant community change along a continental gradient of warming,2019,Global Change Biology,"Becker‐Scarpitta A, Vissault S, Vellend M. Four decades of plant community change along a continental gradient of warming. Glob Change Biol. 2019;25:1629–1641. https://doi.org/10.1111/gcb.14568",Antoine Becker-Scarpitta,antoine.becker.scarpitta@gmail.com,12/01/2019,1,,DOI: 10.1111/gcb.14568,,https://onlinelibrary.wiley.com/doi/abs/10.1111/gcb.14568,,,Canada,plants,,,,excel table,,
homogenisation,80,tirvengadum_1985,"Tirvengadum, DD and Bour, R",Checklist of the herpetofauna of the Mascarane Islands,1985,Atoll Research Bulletin,"Checklist of the herpetofauna of the Mascarane Islands, 1985, Atoll Research Bulletin 292: 49-60",NA,NA,1985,1,,NA,,https://repository.si.edu/bitstream/handle/10088/34156/ARB_checklist.pdf?sequence=1&isAllowed=y,NA,,Mascarene Islands,vertebrates,herpetofauna,,,article,,
homogenisation,82,hoagstrom_2007,"Christopher W. Hoagstrom, Steven S. Wall, Jason G. Kral, Brian G. Blackwell, Charles R. Berry",ZOOGEOGRAPHIC PATTERNS AND FAUNAL CHANGE OF SOUTH DAKOTA FISHES,2007,Western North American Naturalist,,3,pecospupfish@hotmail.com,01/04/2007,1,,https://doi.org/10.3398/1527-0904(2007)67[161:ZPAFCO]2.0.CO;2,,https://bioone.org/journals/western-north-american-naturalist/volume-67/issue-2/1527-0904(2007)67[161:ZPAFCO]2.0.CO;2/ZOOGEOGRAPHIC-PATTERNS-AND-FAUNAL-CHANGE-OF-SOUTH-DAKOTA-FISHES/10.3398/1527-0904(2007)67[161:ZPAFCO]2.0.CO;2.full,,,USA,fish,,,,article,,
homogenisation,83,lindholm_2019,"Marja Lindholm, Janne Alahuhta, Jani Heino, Heikki Toivonen",No biotic homogenisation across decades but consistent effects of landscape position and pH on macrophyte communities in boreal lakes,,Ecography ,"Lindholm, M., Alahuhta, J., Heino, J. & Toivonen, H. (2019). No biotic homogenisation across decades but consistent effects of landscape position and pH on macrophyte communities in boreal lakes. Ecography, doi:10.1111/ecog.04757","Lindholm, M.",marja.lindholm@oulu.fi,222-10-2019,1,,https://doi.org/10.1111/ecog.04757,,https://onlinelibrary.wiley.com/doi/full/10.1111/ecog.04757,open,,Finland,macrophytes,,,,,,
homogenisation,87,taylor_2010b,Eric B. Taylor,Changes in taxonomy and species distributions and their influence on estimates of faunal homogenization and differentiation in freshwater fishes,2010,Diversity and Distributions,,Eric B. Taylor,etaylor@zoology.ubc.ca,10/06/2010,1,,https://doi.org/10.1111/j.1472-4642.2010.00670.x,,https://onlinelibrary.wiley.com/doi/full/10.1111/j.1472-4642.2010.00670.x,open,,canada,vertebrates,fish,,,excel table,,
homogenisation,89,swenson_2020,"Nathan G. Swenson, Catherine M. Hulshof, Masatoshi Katabuchi, Brian J. Enquist",Long-term shifts in the functional composition and diversity of a tropical dry forest: a 30-yr study,2020,Ecological Monographs,"Swenson, N. G., C. M. Hulshof, M. Katabuchi, and B. J. Enquist. 2020. Long-term shifts in the
functional composition and diversity of a tropical dry forest: a 30-yr study. Ecological Monographs 90(00):
e01408. 10.1002/ecm.1408",Nathan G. Swenson,swenson@umd.edu,24/02/2020,1,,https://doi.org/10.1111/avsc.12206,https://doi.org/10.1111/avsc.12206,.,,,Costa Rica,plants,,,,dryad,,
homogenisation,90,kumagai_2016,"Naoki H. Kumagai, Hiroya Yamano, Masahiko Fujii, Yasuhiro Yamanaka",Habitat-forming seaweeds in Japan (fucoids and temperate kelps),2016,Ecololgical Research,,Naoki H. Kumagai,nh.kuma@gmail.com,19/10/2016,1,,https://doi.org/10.1007/s11284-016-1404-5,,https://esj-journals.onlinelibrary.wiley.com/doi/full/10.1007/s11284-016-1404-5,open,,Japan,algae,,,,,,
homogenisation,92,bruelheide_2020,"Bruelheide, Helge, Sperle, Thomas",Occupancy change observations in bog species in the Black Forest (Germany) across all sites from 1972-2019,,Dryad,"Bruelheide, Helge; Sperle, Thomas (2020), Table S5: Occupancy change observations in bog species in the Black Forest (Germany) across all sites from 1972-2019, Dryad, Dataset, https://doi.org/10.5061/dryad.mw6m905vj",Bruelheide,"helge.bruelheide@botanik.uni-halle.de   , t.sperle@freenet.de",28/10/2020,1,,https://doi.org/10.5061/dryad.mw6m905vj,https://doi.org/10.5061/dryad.mw6m905vj,https://doi.org/10.5061/dryad.mw6m905vj,open,CC0 1.0,Germany,plants,,,,,,
homogenisation,93,continental-us_2020,several_values,several_values,several_values,several_values,"Alien species:  van Kleunen, M., Pyšek, P., Dawson, W., Essl, F., Kreft, H., Pergl, J., Weigelt, P., Stein, A., Dullinger, S., König, C., Lenzner, B., Maurel, N., Moser, D., Seebens, H., Kartesz, J., Nishino, M., Aleksanyan, A., Ansong, M., Antonova, L. A., Barcelona, L. A., Breckle, S. W., Brundu, G., Cabezas, F. J., Cárdenas, D., Cárdenas-Toro, J., Castaño, N., Chacón, E., Chatelain, C., Conn, B., de Sá Dechoum, M., Dufour-Dror, J.-M., Ebel, A. L., Figueiredo, E., Fragman-Sapir, O., Fuentes, N., Groom, Q. J., Henderson, L., Inderjit, , Jogan, N., Krestov, P., Kupriyanov, A., Masciadri, S., Meerman, J., Morozova, J., Nickrent, D., Nowak, A., Patzelt, A., Pelser, P. B., Shu, W.-S., Thomas, J., Uludag, A., Velayos, M., Verkhosina, A., Villaseñor, J. L., Weber, E., Wieringa, J. J., Yazlık, A., Zeddam, A., Zykova, E., and Winter, M.. 2019. The Global Naturalized Alien Flora (GloNAF) database. Ecology 100( 1):e02542. 10.1002/ecy.2542 
Extinct species: Knapp, W.M., Frances, A., Noss, R., Naczi, R.F.C., Weakley, A., Gann, G.D., Baldwin, B.G., Miller, J., McIntyre, P., Mishler, B.D., Moore, G., Olmstead, R.G., Strong, A., Kennedy, K., Heidel, B. and Gluesenkamp, D. (2021), Vascular plant extinction in the continental United States and Canada. Conservation Biology, 35: 360-368. https://doi.org/10.1111/cobi.13621
All species: USDA, NRCS. 2021. The PLANTS Database (http://plants.usda.gov, 06/14/2021). National Plant Data Team, Greensboro, NC USA.",several_values,several_values,several_values,several_values,,,,,open,,USA,plants,,,,,,
homogenisation,94,magnuson_2020,"John J. Magnuson, Stephen R. Carpenter, Emily H. Stanley", North Temperate Lakes LTER Pelagic Macroinvertebrate Abundance 1983 - current,2020,North Temperate Lakes LTER,,John Magnuson,john.magnuson@wisc.edu,11/11/2020,1,,https://doi.org/10.6073/pasta/50e2f7b297046aaf01b77b46a011b6da,https://lter.limnology.wisc.edu/dataset/north-temperate-lakes-lter-pelagic-macroinvertebrate-abundance-1983-current,https://lter.limnology.wisc.edu/dataset/north-temperate-lakes-lter-pelagic-macroinvertebrate-abundance-1983-current,NA,,USA,invertebrates,,,,,,
homogenisation,101,castro_2020,"Sergio A. Castro ,Pablo Rojas,Irma Vila,Evelyn Habit,Jaime Pizarro-Konczak,Sebastián Abades,Fabián M. Jaksic",Partitioning β-diversity reveals that invasions and extinctions promote the biotic homogenization of Chilean freshwater fish fauna,2020,PLOS ONE,"Partitioning β-diversity reveals that invasions and extinctions promote the biotic homogenization of Chilean freshwater fish fauna Castro SA, Rojas P, Vila I, Habit E, Pizarro-Konczak J, et al. (2020) Partitioning β-diversity reveals that invasions and extinctions promote the biotic homogenization of Chilean freshwater fish fauna. PLOS ONE 15(9): e0238767. https://doi.org/10.1371/journal.pone.0238767",Sergio A. Castro, sergio.castro@usach.cl,08/09/2020,1,,https://doi.org/10.1371/journal.pone.0238767,,Partitioning β-diversity reveals that invasions and extinctions promote the biotic homogenization of Chilean freshwater fish fauna (plos.org),open,,Chile,fish,,,none,supplementary,,
homogenisation,102,valtonen_2017,"Anu Valtonen, Anikó Hirka, Levente Szőcs, Matthew P. Ayres, Heikki Roininen, György Csóka",Data from: Long-term species loss and homogenization of moth communities in Central Europe,2018, Journal of Animal Ecology / Dryad,"Valtonen, Anu et al. (2018), Data from: Long-term species loss and homogenization of moth communities in Central Europe, Dryad, Dataset, https://doi.org/10.5061/dryad.9m6vp",Anu Valtonen,anu.valtonen@uef.fi,19/04/2017,1,,10.5061/dryad.9m6vp,,https://datadryad.org/stash/dataset/doi:10.5061/dryad.9m6vp,open, CC0 1.0,Central Europe,butterflies,,,none,dryad,,
homogenisation,104,rogalski_2017,"Mary Alta Rogalski, Peter R. Leavitt and David K. Skelly",Data from: Daphniid zooplankton assemblage shifts in response to eutrophication and metal contamination during the Anthropocene,2017,Proceedings B,"Rogalski, Mary Alta; Leavitt, Peter R.; Skelly, David K. (2017), Data from: Daphniid zooplankton assemblage shifts in response to eutrophication and metal contamination during the Anthropocene, Dryad, Dataset, https://doi.org/10.5061/dryad.2vh5c",NA,NA,26/07/2017,1,,https://doi.org/10.5061/dryad.2vh5c,,https://datadryad.org/stash/dataset/doi:10.5061/dryad.2vh5c,open,CC0 1.0,USA,zooplankton,,,none,dryad,,
homogenisation,106,schuch_2011,"S. Schuch, J. Bock, B. Krause, K. Wesche, M. Schaefer",Long‐term population trends in three grassland insect groups: a comparative analysis of 1951 and 2009,2011,Journal of Applied Entomology,,Sebastian Schuch,sschuch@gwdg.de,20/06/2011,1,,https://doi.org/10.1111/j.1439-0418.2011.01645.x,,https://doi.org/10.1111/j.1439-0418.2011.01645.x,open,,Germany,insects,,,none,supplementary,,
homogenisation,107,gibb_2019,"Heloise Gibb, Blair F. Grossman, Chris R. Dickman, Orsolya Decker, Glenda M. Wardle",Long-term responses of desert ant assemblages to climate,2019,Journal of Animal,"Gibb, Heloise et al. (2019), Data from: Long-term responses of desert ant assemblages to climate, Dryad, Dataset, https://doi.org/10.5061/dryad.vc80r13",Heloise Gibb,h.gibb@latrobe.edu.au,16/07/2019,1,,https://doi.org/10.5061/dryad.vc80r13,,https://doi.org/10.5061/dryad.vc80r13,open,CC0 1.0,Australia,ants,,,subset of same effort,dryad,,
homogenisation,108,maleki_2021,"Kobra Maleki, Philippe Marchand, Danielle Charron, Benoit Lafleur, Yves Bergeron",A 249-year chronosequence of forest plots from eight successive fires in the Eastern Canada boreal mixedwoods,2021, Ecology/ The Ecological Society of America,,Kobra Maleki,kobra.maleki@uqat.ca,11/02/2021,1,15/02/2021,https://doi.org/10.5061/dryad.tqjq2bvwz,https://doi.org/10.5061/dryad.tqjq2bvwz,https://doi.org/10.1002/ecy.3306,open,CC0 1.0,Canada,trees,,,none,dryad,,
homogenisation,111,chen_2010,"I-Ching Chen, Jane K. Hill, Hau-Jie Shiu, Jeremy D. Holloway, Suzan Benedick, Vun Khen Chey, Henry S. Barlow, Chris D. Thomas",Asymmetric boundary shifts of tropical montane Lepidoptera over four decades of climate warming,2010,Global Ecology and Biogeography ,"Chen, I.‐C., Hill, J.K., Shiu, H.‐J., Holloway, J.D., Benedick, S., Chey, V.K., Barlow, H.S. and Thomas, C.D. (2011), Asymmetric boundary shifts of tropical montane Lepidoptera over four decades of climate warming. Global Ecology and Biogeography, 20: 34-45. https://doi.org/10.1111/j.1466-8238.2010.00594.x", Chris D. Thomas,cdt2@york.ac.uk,11/09/2010,1,,https://doi.org/10.1111/j.1466-8238.2010.00594.x,,https://onlinelibrary.wiley.com/doi/full/10.1111/j.1466-8238.2010.00594.x,open,,,insects,lepidoptera,,,,,
homogenisation,112,wiemers_2019,,,2019,,"Wiemers M, Balletto E, Dincă V, Fric ZF, Lamas G, Lukhtanov V, Munguira ML, van Swaay CAM, Vila R, Vliegenthart A, Wahlberg N, Verovnik R (2018) An updated checklist of the European Butterflies (Lepidoptera, Papilionoidea). ZooKeys 81: 9–45. https://doi.org/10.3897/zookeys.811.28712",,,,,,10.3897/zookeys.811.28712,,,open access,,Europe,insects,butterflies,,,yes,,
homogenisation,113,gaget_2021,,,2021,,"Gaget, Elie et al. (2021), Disentangling the latitudinal and altitudinal shifts in community composition induced by climate change: the case of riparian birds, Dryad, Dataset, https://doi.org/10.5061/dryad.1rn8pk0rx",Elie Gaget,elie.gaget@gmail.com,21/04/2021,1,,https://doi.org/10.5061/dryad.1rn8pk0rx,https://datadryad.org/stash/dataset/doi:10.5061/dryad.1rn8pk0rx,https://doi.org/10.5061/dryad.1rn8pk0rx,open,,France,birds,,,,,,
homogenisation,114,muschet_2018,,,2018,,"Mushet, D.M., and Solensky, M.J., 2018, Cottonwood Lake Study Area - Amphibians, U.S. Geological Survey data release, https://doi.org/10.5066/F7X9297Q.",,,,,,https://doi.org/10.5066/F7X9297Q.,,https://doi.org/10.5066/F7X9297Q.,,,USA,amphibians,,,count,,,
homogenisation,115,muschet_2017,,,2017,,"Mushet, D.M., Euliss, N.H., Jr., and Solensky, M.J. 2017, Cottonwood Lake Study Area - Invertebrate Counts, U.S. Geological Survey data release, https://doi.org/10.5066/F7BK1B77.",,,,,,https://doi.org/10.5066/F7BK1B77,,https://doi.org/10.5066/F7BK1B77,,,USA,invertebrates,,,count,,,
homogenisation,117,arntzen_2017,"Jan W. Arntzen, Carlos Abrahams, Willem R. M. Meilink, Ruben Iosif & Annie Zuiderwijk ","Amphibian decline, pond loss and reduced population connectivity under agricultural intensification over a 38 year period",2017,Biodiversity Conservation,"Arntzen, J.W., Abrahams, C., Meilink, W.R.M. et al. Amphibian decline, pond loss and reduced population connectivity under agricultural intensification over a 38 year period. Biodivers Conserv 26, 1411–1430 (2017). https://doi.org/10.1007/s10531-017-1307-y",,,,,,https://doi.org/10.1007/s10531-017-1307-y,,https://link.springer.com/article/10.1007/s10531-017-1307-y#Abs1,,open access,France,amphibians,,,pa,,,
homogenisation,119,lelli_2020,,,2020,,"Lelli, C, Nascimbene, J, Alberti, D, et al. Long-term changes in Italian mountain forests detected by resurvey of historical vegetation data. J Veg Sci. 2021; 32:e12939. https://doi.org/10.1111/jvs.12939 ",,,,,,https://doi.org/10.1111/jvs.12939 ,,https://onlinelibrary.wiley.com/doi/10.1111/jvs.12939,,,italy,plants,,,,,,
homogenisation,120,sperandii_2020,,,2020,,"Sperandii, Marta Gaia; Acosta, Alicia Teresa Rosario (2020), Back into the past: Resurveying random plots to track community changes in Italian coastal dunes, Dryad, Dataset, https://doi.org/10.5061/dryad.np5hqbzr8",,,,,,https://doi.org/10.5061/dryad.np5hqbzr8,,https://doi.org/10.5061/dryad.np5hqbzr8,,,italy,plants,,,,dryad,,
homogenisation,123,countryside_survey_invertebrates,,,,,"Dunbar, M.; Murphy, J.; Clarke, R.; Davies, C.; Scarlett, P. (2016). Headwater stream invertebrate data 2007 [Countryside Survey] NERC Environmental Information Data Centre. https://doi.org/10.5285/18849325-358b-4af1-b20d-d750b1c723a3 
Furse, M.T.; Bass, J.; Blackburn, J.H.; Gunn, R.J.M.; Inglebrot, M.; Matthews, A.; Symes, K.; Winder, J.M.; Clarke, R.T. (2016). Headwater stream invertebrate data 1990 [Countryside Survey] NERC Environmental Information Data Centre. https://doi.org/10.5285/b4c17f35-1b50-4ed7-87d2-b63004a96ca2 
Furse, M.T.; Davy-Bowker, J.; Dawson, F.H.; Gunn, R.J.M.; Blackburn, J.H.; Gunn, I.M.; Winder, J.M.; Scarlett, P.M.; Gravelle, M.; Kneebone, N.; Nesbitt, I.; Amarillo, M; Brereton, C.; Cannan, C.; Collett, G.; Collier, D.; Cooper, G.; Dent, M.; Fairfax, C.M.; Hardie, D.; Henville, P.; Hilton, C.; James, B.; Moorhouse, C.; Randle, Z.; Shirley, C.; Small, S.R.; Vowles, K.E.; Clarke, R.T.; Watkins, J.W. (2016). Headwater stream invertebrate data 1998 [Countryside Survey] NERC Environmental Information Data Centre. https://doi.org/10.5285/fd0ce233-3b4d-4a5e-abcb-c0a26dd71c95",,,,,,https://doi.org/10.5285/e0b638d5-8271-4442-97ef-cf46ea220f5d,,,,,UK,invertebrates,,,,,,
homogenisation,124,countryside_survey_macrophytes,,,,,"Dunbar, M.; Murphy, J.; Clarke, R.; Davies, C.; Scarlett, P. (2016). Headwater stream macrophyte data 2007 [Countryside Survey] NERC Environmental Information Data Centre. https://doi.org/10.5285/249a90ec-238b-4038-a706-6633c3690d20 
Furse, M.T.; Davy-Bowker, J.; Dawson, F.H.; Gunn, R.J.M.; Blackburn, J.H.; Gunn, I.M.; Winder, J.M.; Scarlett, P.M.; Gravelle, M.; Kneebone, N.; Nesbitt, I.; Amarillo, M; Brereton, C.; Cannan, C.; Collett, G.; Collier, D.; Cooper, G.; Dent, M.; Fairfax, C.M.; Hardie, D.; Henville, P.; Hilton, C.; James, B.; Moorhouse, C.; Randle, Z.; Shirley, C.; Small, S.R.; Vowles, K.E.; Clarke, R.T.; Watkins, J.W. (2016). Headwater stream macrophyte data 1998 [Countryside Survey] NERC Environmental Information Data Centre. https://doi.org/10.5285/e0b638d5-8271-4442-97ef-cf46ea220f5d",,,,,,https://doi.org/10.5285/e0b638d5-8271-4442-97ef-cf46ea220f5d,,,,,UK,plants,macrophytes,,,,,
homogenisation,125,green_2021,,,2021,,"Green, J. M., Dunbrack, R. L., & Bates, A. E. (2021). Signals of resilience and change in tidepool fish communities on the Pacific coast of Vancouver Island, Canada. Diversity and Distributions, 00, 1– 10. https://doi.org/10.1111/ddi.13387",,,,,,https://doi.org/10.1111/ddi.13387,,https://doi.org/10.1111/ddi.13387,open access,,Canada,fish,,,,,,
BioTIME,1,67,,,,,"""Animal Demography Unit - Coordinated Waterbird Counts (CWAC) - AfrOBIS"". Available at http://www.iobis.org/, accessed 2012.",,,,,,,,,,,,Birds,,Terrestrial,,,-29.82489855,25.52205797
BioTIME,2,68,,,,,"""Marine and Coastal Management - Copepod Surveys - AfrOBIS"". Available at: http://www.iobis.org/, accessed 2012.",,,,,,,,,,,,Invertebrates,,Marine,,,-33.4251756,19.09269724
BioTIME,3,78,,,,,"Zettler, M.L. (2005) Macrozoobenthos baltic sea (1980-2005) as part of the IOW-Monitoring. Institut f?r Ostseeforschung Warnem?nde, Germany. Available at: http://www.iobis.org/mapper/?dataset=2289, accessed 2012.",,,,,,,,,,,,Benthos,,Marine,,,54.52733333,12.62266667
BioTIME,4,81,,,,,"Robinson, K.P., Baumgartner, N., Eisfeld, S.M., Clark, N.M., Culloch, R.M., Haskins, G.N., Zapponi, L., Whaley, A.R., Weare, J.S. & Tetley, M.J. (2007) The summer distribution and occurrence of cetaceans in the coastal waters of the outer southern Moray Firth in northeast Scotland (UK). Lutra, 50, 19.",,,,,,,,,,,,Mammals,,Marine,,,57.70730427,-2.524387222
BioTIME,5,81,,,,,"Robinson, K. P.(2010) ""CRRU (Cetacean Research and Rescue Unit) Cetacean sightings in Scotland waters"". Available at: http://www.emodnet-biology.eu/component/imis/?module=dataset&dasid=2819, accessed 2012.",,,,,,,,,,,,Mammals,,Marine,,,57.70730427,-2.524387222
BioTIME,6,84,,,,,"Milchakova, N. A., Ryabogina, V. G. & Chernyshova, E. B. (2011) ""Macroalgae of the Crimean coastal zone (the Black Sea, 1967-2007)"". Sevastopol, IBSS. Available at: http://www.emodnet-biology.eu/component/imis/?module=dataset&dasid=2690, accessed 2012.",,,,,,,,,,,,Plants,,Marine,,,44.5679537,33.46470185
BioTIME,7,85,,,,,"Addinck, W. & de Kluijver, M. (2003) North Sea observations of Crustacea, Polychaeta, Echinodermata, Mollusca and some other groups between 1986 and 2003. Expert Centre for Taxonomic Idenditification (ETI), the Netherlands.  Available at: http://www.emodnet-biology.eu/data-catalog?module=dataset&dasid=1037, accessed 2012.",,,,,,,,,,,,Invertebrates,,Marine,,,53.08312573,3.984373029
BioTIME,8,86,,,,,"Derezuyk, N. ""Phytoplankton of the Ukrainian Black Sea shelf (1985-2005)"". Available at: http://www.emodnet-biology.eu/component/imis/?module=dataset&dasid=2694, accessed 2012.",,,,,,,,,,,,Plants,,Marine,,,46.20552967,30.79541868
BioTIME,9,90,,,,,"""Zooplankton in the Bay of Biscay (1995-2004, yearly DEPM surveys)"". Available at: http://www.emodnet-biology.eu/component/imis/?module=dataset&dasid=2774, accessed 2012.",,,,,,,,,,,,Invertebrates,,Marine,,,45.19666952,-2.446844863
BioTIME,10,92,,,,,"Naumov, A. ""Benthos of the White Sea. A database"". White Sea Biological Station, Zoological Institute RAS. Available at: http://www.emodnet-biology.eu/component/imis/?module=dataset&dasid=2769, accessed 2012.",,,,,,,,,,,,Benthos,,Marine,,,64.84458333,38.971875
BioTIME,11,97,,,,,"Markhaseva, E.L., Golikov, A.A., Agapova, T.A. & Beig, A.A. (1985) Archives of the Arctic Seas Zooplankton. Available at: http://www.iobis.org/mapper/?dataset=4470, accessed 2012.",,,,,,,,,,,,Invertebrates,,Marine,,,72.81344973,94.02875323
BioTIME,12,99,,,,,"""CSIRO Marine Data Warehouse - OBIS Australia"", CSIRO Division of Marine and Atmospheric Research (CMAR), Australia. Available at http://www.iobis.org, accessed 2012.",,,,,,,,,,,,Fish,,Marine,,,-19.7306315,117.3493774
BioTIME,13,108,,,,,"Woehler, E. ""Seabirds of the Southern and South Indian Ocean - Australian Antarctic Data Centre"". Available at: http://www.iobis.org, accessed 2012.",,,,,,,,,,,,Birds,,Marine,,,-57.77437928,101.0495192
BioTIME,14,110,,,,,"Ostler, R. ""Marine Nature Conservation Review (MNCR) and associated benthic marine data held and managed by JNCC - EurOBIS"". Joint Nature Conservation Committee, Centre for Ecology and hydrology, Aberdeenshire, UK. Available at: http://www.emodnet-biology.eu/data-catalog/??module=dataset&dasid=621, accessed 2012.",,,,,,,,,,,,Benthos,,Marine,,,54.17247686,-4.312789896
BioTIME,15,112,,,,,"""South Western Pacific Regional OBIS Data Asteroid Subset"", NIWA (National Institute of Water and Atmospheric Research - New Zealand) MBIS (Marine Biodata Information System) accessed through South Western Pacific OBIS. Available at: http://www.iobis.org/mapper/?dataset=219, accessed 2012.",,,,,,,,,,,,Fish,,Marine,,,30.14206531,-78.17437163
BioTIME,16,113,,,,,"Pugh, P. Discovery Collections Midwater Database. National Oceanography Centre, Southampton, UK. Available at: http://www.iobis.org/mapper/?dataset=12, accessed 2012.",,,,,,,,,,,,Invertebrates,,Marine,,,40.86506848,-21.1891343
BioTIME,17,117,,,,,"""South TX Outer Continental Shelf and MI, AL, and FL Outer Continental Shelf benthic organism sampling 1974-1978"". US National Oceanographic Data Center, Silver Spring, Maryland, USA (2011). Available at http://www.usgs.gov/obis-usa/data_search_and_access/participants.html, accessed 2012.",,,,,,,,,,,,Invertebrates,,Marine,,,-44.45258503,174.3708163
BioTIME,18,119,,,,,"Clark, D. & Branton, B. (2007) DFO Maritimes Research Vessel Trawl Surveys, OBIS Canada Digital Collections. Bedford Institute of Oceanography, Dartmouth, Nova Scotia, Canada, OBIS Canada,",,,,,,,,,,,,Fish,,Marine,,,43.78837597,-62.38518782
BioTIME,19,121,,,,,"""CRED Towed-Diver Fish Biomass Surveys in the Pacific Ocean 2000-2010"". (2011) Coral Reef Ecosystem Division (CRED), Pacific Island Fisheries Sciences Center, National Marine Fisheries Service. Available at: http://www.iobis.org/mapper/?dataset=1581, accessed 2012.",,,,,,,,,,,,Fish,,Marine,,,19.0618595,-167.6109
BioTIME,20,123,,,,,"Sherman, S. (2010) ""Maine Department of Marine Resources Inshore Trawl Survey, 2000 ? 2009"". Maine Department of Marine Resources, Maine. Available at: http://www.usgs.gov/obis-usa/data_search_and_access/datasets.html, accessed 2012.",,,,,,,,,,,,Fish,,Marine,,,43.86359653,-69.03123308
BioTIME,21,125,,,,,"Reichert, M. (2009) ""MARMAP Chevron Trap Survey 1990-2009"". SCDNR/NOAA MARMAP Program, SCDNR MARMAP Aggregate Data Surveys, The Marine Resources Monitoring, Assessment, and Prediction (MARMAP) Program, Marine Resources Research Institute, South Carolina Department of Natural Resources U.S.A.. Available at: http://www.usgs.gov/obis-usa/data_search_and_access/participants.html, accessed 2012.",,,,,,,,,,,,Fish,,Marine,,,32.48785124,-78.81019284
BioTIME,22,135,,,,,"""Previous_fisheries_REVIZEE_Program"", accessed through Tropical and Subtropical Western South Pacific OBIS. Available at: http://www.iobis.org/mapper/?dataset=2411, accessed 2012.",,,,,,,,,,,,Fish,,Marine,,,-10.7578359,-36.58632222
BioTIME,23,147,,,,,"""South Western Pacific Regional OBIS Data Bryozoan Subset"". Accessed through South Western Pacific OBIS. Available at: http://www.iobis.org/mapper/?dataset=221, accessed 2012.",,,,,,,,,,,,Invertebrates,,Marine,,,-39.39754032,172.8414973
BioTIME,24,148,,,,,"""South Western Pacific Regional OBIS Data provider for the NIWA Marine Biodata Information System"". Ocean Biogeographic Information System. Occurrence Dataset. Available at: https://doi.org/10.15468/zuuiyu, accessed 2012.",,,,,,,,,,,,Fish,,Marine,,,-42.53082611,175.449802
BioTIME,25,152,,,,,"""CMarZ (Census of Marine Zooplankton)-Asia Database"". Accessed through OBIS- SCAR-MarBIN. Available at: http://www.iobis.org/mapper/?dataset=1500, accessed 2012.",,,,,,,,,,,,Invertebrates,,Marine,,,43.32714286,-179.6014286
BioTIME,26,162,,,,,"""EPA'S EMAP Database"". U.S. Environmental Protection Agency through its Environmental Monitoring and Assessment Program (EMAP).  Available at: http://www.iobis.org, accessed 2012. Also available at https://archive.epa.gov/emap/archive-emap/web/html/index-21.html",,,,,,,,,,,,Benthos,,Marine,,,34.64678438,-81.53982453
BioTIME,27,163,,,,,"""The Observer Program database"", accessed through the OBIS-USA North Pacific Groundfish Observer (North Pacific Research Board). Available at: http://www.iobis.org, accessed 2012. ",,,,,,,,,,,,Benthos,,Marine,,,56.67096154,-166.4678054
BioTIME,28,166,,,,,"""PIROP Northwest Atlantic 1965-1992 - OBIS SEAMAP"". Available at: http://www.iobis.org/mapper/?dataset=2245, accessed 2012.",,,,,,,,,,,,Multiple taxa,,Marine,,,47.07662125,-63.5059273
BioTIME,29,166,,,,,"Brown, R.G., Nettleship, D.N., Germain, P., Tull, C.E. & Davis, T. (1975) Atlas of eastern Canadian seabirds.",,,,,,,,,,,,Multiple taxa,,Marine,,,47.07662125,-63.5059273
BioTIME,30,166,,,,,"Diamond, A., Gaston, A. & Brown, R. (1986) Converting PIROP Counts of Seabirds at Sea to Absolute Densities. Progress Notes No 164. Canadian Wildlife Service, Ottawa,",,,,,,,,,,,,Multiple taxa,,Marine,,,47.07662125,-63.5059273
BioTIME,31,166,,,,,"Halpin, P.N., Read, A.J., Fujioka, E., Best, B.D., Donnelly, B., Hazen, L.J., Kot, C., Urian, K., LaBrecque, E. & Dimatteo, A. (2009) OBIS-SEAMAP: The world data center for marine mammal, sea bird, and sea turtle distributions. Oceanography, 22, 104-115.",,,,,,,,,,,,Multiple taxa,,Marine,,,47.07662125,-63.5059273
BioTIME,32,166,,,,,"Huettmann, F. (1998) An ecological GIS research application for the northern Atlantic-The PIROP database software, environmental data sets and the role of the internet. In: Riekert W.-F. and Tochtermann K. (Eds.) Hypermedia im Umweltschutz Proceedings of Deutsche Gesellschaft f?r Informatik (GI) and Forschungsinstitut f?r anwendungsorientierte Wissensverarbeitung (FAW) Ulm. Umwelt-Informatik aktuell; Bd.17, Metropolis Verlag/Marburg. pp. 213-217",,,,,,,,,,,,Multiple taxa,,Marine,,,47.07662125,-63.5059273
BioTIME,33,166,,,,,"Read, A., Halpin, P., Crowder, L., Best, B. & Fujioka, E. (2010) OBIS-SEAMAP: mapping marine mammals, birds and turtles. World Wide Web electronic publication. http://seamap. env. duke. Edu",,,,,,,,,,,,Multiple taxa,,Marine,,,47.07662125,-63.5059273
BioTIME,34,169,,,,,"Jahncke, J. & Rintoul, C. (2006) ""CalCOFI and NMFS Seabird and Marine Mammal Observation Data, 1987-2006"". California Cooperative Oceanic Fisheries Investigations (CalCOFI) and National Marine Fisheries Service (NMFS) cruises, 1987-2006 - OBIS SEAMAP. Available at: http://www.iobis.org, accessed 2012.",,,,,,,,,,,,Multiple taxa,,Marine,,,34.21596198,-120.9360713
BioTIME,35,169,,,,,"Rintoul, C., Schlagenhauf-Langabeer, B., Hyrenbach, K. D., Morgan, K. H. & Sydeman, W. J. (2006) Atlas of California Current Marine Birds and Mammals: Version 1. Unpublished report, PRBO Conservation Science, Petaluma, California.",,,,,,,,,,,,Multiple taxa,,Marine,,,34.21596198,-120.9360713
BioTIME,36,169,,,,,"Yen, P. P. W., Sydeman, W. J. & Hyrenbach, K. D. (2004) Marine bird and cetacean associations with bathymetric habitats and shallow-water topographies: Implications for trophic transfer and conservation. Journal of Marine Systems, 50, 79?99. ",,,,,,,,,,,,Multiple taxa,,Marine,,,34.21596198,-120.9360713
BioTIME,37,169,,,,,"Yen, P. P. W., Sydeman, W. J., Bograd, S. J. & Hyrenbach, K. D. (2006) Spring-time distributions of migratory marine birds in the southern California Current: Oceanic eddy associations and coastal habitat hotspots over 17 years. Deep-Sea Research Part II: Topical Studies in Oceanography, 53, 399?418.",,,,,,,,,,,,Multiple taxa,,Marine,,,34.21596198,-120.9360713
BioTIME,38,171,,,,,"""Bahamas Marine Mammal Research Organisation Opportunistic Sightings - OBIS SEAMAP"". Available at: http://www.iobis.org, accessed 2012.",,,,,,,,,,,,Mammals,,Marine,,,26.18075752,-77.27369441
BioTIME,39,172,,,,,"""POPA cetacean, seabird, and sea turtle sightings in the Azores area 1998-2009 - OBIS SEAMAP"". Available at: http://www.iobis.org/mapper/?dataset=4257, accessed 2012.",,,,,,,,,,,,Multiple taxa,,Marine,,,38.3611994,-27.77908722
BioTIME,40,172,,,,,"Amorim, P., Figueiredo, M., Machete, M., Morato, T., Martins, A. & Serr?o Santos, R. (2008) Spatial variability of seabird distribution associated with environmental factors: a case study of marine Important Bird Areas in the Azores. ICES Journal of Marine Science, 66, 29-40.",,,,,,,,,,,,Multiple taxa,,Marine,,,38.3611994,-27.77908722
BioTIME,41,172,,,,,"Machete, M. & Santos, R. (2007) Azores Fisheries Observer Program (POPA): a case study of the multidisciplinary use of observer data. Proceedings of the 5th International Fisheries Observer Conference, pp. 15-18.",,,,,,,,,,,,Multiple taxa,,Marine,,,38.3611994,-27.77908722
BioTIME,42,172,,,,,"Morato, T., Varkey, D.A., Damaso, C., Machete, M., Santos, M., Prieto, R., Santos, R.S. & Pitcher, T.J. (2008) Evidence of a seamount effect on aggregating visitors. Marine Ecology Progress Series, 357, 23-32.",,,,,,,,,,,,Multiple taxa,,Marine,,,38.3611994,-27.77908722
BioTIME,43,173,,,,,"""Marine Biological Sample Database, JAMSTEC"" (OBIS_JAPAN). Available at: http://www.iobis.org/mapper/?dataset=2289, accessed 2012.",,,,,,,,,,,,Invertebrates,,Marine,,,31.85890841,134.9034665
BioTIME,44,176,,,,,"Kennedy, M. & Spry, J. (2011) Atlantic Zone Monitoring Program Maritimes Region plankton datasets. Fisheries and Oceans Canada-BioChem archive. OBIS Canada, Bedford Institute of Oceanography, Dartmouth, Nova Scotia, Canada.",,,,,,,,,,,,Invertebrates,,Marine,,,44.46226504,-62.38644532
BioTIME,45,178,,,,,"Boutillier, J.A. (2007) ""Pacific Shrimp Trawl Survey"". In: ShrimpTrawl Bio database, Fisheries and Oceans Canada PBS Shellfish Data Unit. OBIS Canada Digital Collections, Bedford Institute of Oceanography, Dartmouth, Nova Scotia, Canada.  Available at: http://www.iobis.org, accessed 2012.",,,,,,,,,,,,Fish,,Marine,,,50.20159553,-126.479642
BioTIME,46,180,,,,,"""East Coast North America Strategic Assessment Project, Groundfish Atlas for the East Coast of North America"". Available at: http://www.iobis.org, accessed 2012.",,,,,,,,,,,,Fish,,Marine,,,45.40139037,-60.47037359
BioTIME,47,182,,,,,"Wade, E. (2011) Snow crab research trawl survey database (Southern Gulf of St. Lawrence, Gulf region, Canada) from 1988 to 2010. OBIS Canada, Bedford Institute of Oceanography, Dartmouth, Nova Scotia, Canada,",,,,,,,,,,,,Multiple taxa,,Marine,,,47.52812299,-62.7356975
BioTIME,48,183,,,,,"Tremblay, J.M. & Branton, B. (2007) DFO Maritimes Research Vessel Trawl Surveys, OBIS Canada Digital Collections. Bedford Institute of Oceanography, Dartmouth, Nova Scotia, Canada, OBIS Canada.",,,,,,,,,,,,Invertebrates,,Marine,,,43.86205248,-62.27861383
BioTIME,49,187,,,,,"""National Benthic Infaunal Database (NBID)"" (2003). NOAA/NOS/NCCOS/CCEHBR/Coastal Ecology Program. NOAA's Ocean Service, National Centers for Coastal Ocean Science (NCCOS). Available at: https://data.noaa.gov/dataset/national-benthic-infaunal-database-nbid, accessed 2012.",,,,,,,,,,,,Benthos,,Marine,,,37.39896958,-94.54570225
BioTIME,50,189,,,,,"""St. John, USVI Fish Assessment and Monitoring Data (2002 - Present)"", (2007) Silver Spring, MD Publisher: NOAAs Ocean Service, National Centers for Coastal Ocean Science (NCCOS). National Oceanic and Atmospheric Association (NOAA)-National Ocean Service (NOS)-National Centers for Coastal Ocean Science (NCCOS)-Center for Coastal Monitoring and Assessment (CCMA)-Biogeography Team. Available at: http://www.iobis.org/mapper/?dataset=1672, accessed 2012.",,,,,,,,,,,,Fish,,Marine,,,18.33833679,-64.72153619
BioTIME,51,190,,,,,"""St. Croix, USVI Fish Assessment and Monitoring Data (2002 - Present)"", (2007) Silver Spring, MD Publisher: NOAAs Ocean Service, National Centers for Coastal Ocean Science (NCCOS). National Oceanic and Atmospheric Association (NOAA)-National Ocean Service (NOS)-National Centers for Coastal Ocean Science (NCCOS)-Center for Coastal Monitoring and Assessment (CCMA)-Biogeography Team. Available at: http://www.iobis.org/mapper/?dataset=1673, accessed 2012.",,,,,,,,,,,,Fish,,Marine,,,17.78317724,-64.6192992
BioTIME,52,191,,,,,"""NEFSC Benthic Database (OBIS-USA)"", (2010) Northeast Fisheries Science Center, National Marine Fisheries Service, NOAA, U.S. Department of Commerce. Available at: http://www.iobis.org/mapper/?dataset=1694, accessed 2012.",,,,,,,,,,,,Invertebrates,,Marine,,,41.65638387,-68.66872194
BioTIME,53,192,,,,,"""Whale Catches in Southern Ocean"". OBIS - Australian Antarctic Data Centre. Available at: http://www.iobis.org, accessed 2013.",,,,,,,,,,,,Mammals,,Marine,,,-60.50826446,79.92975207
BioTIME,54,195,,,,,"USGS Patuxent Wildlife Research Center ?North American Breeding Bird Survey? ftp data set, version 2014.0. Available at: ftp://ftpext.usgs.gov/pub/er/md/laurel/BBS/DataFiles/, accessed 2013.",,,,,,,,,,,,Birds,,Terrestrial,,,40.23994055,-89.56250068
BioTIME,55,196,,,,,"Moore, J. J. & Howson, C. M. ?Survey of the rocky shores in the region of Sullom Voe, Shetland, A report to SOTEAG from Aquatic Survey & Monitoring Ltd?, Cosheston, Pembrokeshire. 29 p. Available at: http://www.soteag.org.uk, accessed 2013.",,,,,,,,,,,,Benthos,,Marine,,,60.45463871,-1.307432903
BioTIME,56,200,,,,,"""NEFSC Benthic Database (OBIS-USA)"", (2010) Northeast Fisheries Science Center, National Marine Fisheries Service, NOAA, U.S. Department of Commerce. Available at: http://www.iobis.org/mapper/?dataset=1694, accessed 2012.",,,,,,,,,,,,Invertebrates,,Marine,,,40.21713886,-72.41807792
BioTIME,57,204,,,,,"Degraer, S., Wittoeck, J., Appeltans, W., Cooreman, K., Deprez, T., Hillewaert, H., Hostens, K., Mees, J., Vanden Berghe, E. & Vincx, M. (2006) ?Macrobel: Long term trends in the macrobenthos of the Belgian Continental Shelf.? Oostende, Belgium. Available at: http://www.emodnet-biology.eu/data-catalog?module=dataset&dasid=145, accessed 2013.",,,,,,,,,,,,Benthos,,Marine,,,51.24950511,2.634771991
BioTIME,58,213,,,,,"""Northeast Fisheries Science Center Bottom Trawl Survey Data (OBIS-USA)."" (2005) NOAA?s National Marine Fisheries Service (NMFS) Northeast Fisheries Science Center. Woods Hole, Massachusetts, USA. Available at: http://www.iobis.org/mapper/?dataset=1435, accessed 2013.",,,,,,,,,,,,Benthos,,Marine,,,40.54042788,-70.61489212
BioTIME,59,214,,,,,"Harmon, M. & Franklin, J. (2012) ?Long-term growth, mortality and regeneration of trees in permanent vegetation plots in the Pacific Northwest, 1910 to present.? Long-Term Ecological Research. Forest Science Data Bank, Corvallis. Available at: http://andrewsforest.oregonstate.edu/data/abstract.cfm?dbcode=TV010, accessed 2012.",,,,,,,,,,,,Plants,,Terrestrial,,,45.28991693,-122.5149635
BioTIME,60,217,,,,,"USFS ?Landbird Monitoring Program (UMT-LBMP).? US Forest Service. Available at: http://www.avianknowledge.net/, accessed 2012.",,,,,,,,,,,,Birds,,Terrestrial,,,47.00333179,-113.8480441
BioTIME,61,229,,,,,"McLarney, W. O., Meador, J. & Chamblee, J. (2010) ?Upper Little Tennessee River Biomonitoring Program Database.? Coweeta Long Term Ecological Research Program. Available at: https://coweeta.uga.edu/dbpublic/dataset_details.asp?accession=4045, accessed 2012.",,,,,,,,,,,,Fish,,Freshwater,,,35.17660097,-83.40959181
BioTIME,62,232,,,,,"Williams, D. ?Pelagic Fish Observations 1968-1999.? Australian Antarctic Data Centre. Available at: http://www.gbif.org/dataset/85b0a82a-f762-11e1-a439-00145eb45e9a, accessed 2012.",,,,,,,,,,,,Fish,,Marine,,,-66.15753574,71.93070436
BioTIME,63,237,,,,,"Lathrop, R. (2000) ?Madison Wisconsin Lakes Zooplankton 1976 - 1994.? North Temperate Lakes Long Term Ecological Research Program, Center for Limnology, University of Wisconsin-Madison. Available at: http://lter.limnology.wisc.edu/dataset/madison-wisonsin-lakes-zooplankton-1976-1994, accessed 2013.",,,,,,,,,,,,Invertebrates,,Freshwater,,,43.03279,-89.3328275
BioTIME,64,247,,,,,"Rudstam, L. (2008) ?Zooplankton survey of Oneida Lake, New York, 1964 ? 2012?, KNB Data Repository. Available at: https://knb.ecoinformatics.org/#view/kgordon.17.56, accessed 2016.",,,,,,,,,,,,Invertebrates,,Freshwater,,,43.19523,-75.910925
BioTIME,65,252,,,,,"Reichert, M. (2010) ?MARMAP Blackfish Trap Survey 1990-2009?. SCDNR/NOAA MARMAP Program. SCDNR MARMAP Aggregate Data Surveys. The Marine Resources Monitoring. Assessment. and Prediction (MARMAP) Program. Marine Resources Research Institute. South Carolina Department of Natural Resources USA. Available at: http://www.usgs.gov/obis-usa/. accessed 2013.",,,,,,,,,,,,Fish,,Marine,,,32.62877907,-79.02813953
BioTIME,66,253,,,,,"NTL LTER ?North Temperate Lakes LTER: Zooplankton - Trout Lake Area 1982 - current.? NorthTemperate Lakes Long Term Ecological Research Program, Center for Limnology, University of Wisconsin-Madison. Available at: https://lter.limnology.wisc.edu/dataset/north-temperate-lakes-lter-zooplankton-trout-lake-area-1982-current, accessed 2013.",,,,,,,,,,,,Invertebrates,,Freshwater,,,46.02113814,-89.64332843
BioTIME,67,271,,,,,"Reed, D. C. (2014a) ?SBC LTER: Reef: Kelp forest community dynamics: Abundance and size of giant kelp (Macrocystis pyrifera), ongoing since 2000?. Santa Barbara Coastal LTER. Available at: http://sbc.lternet.edu/cgi-bin/showDataset.cgi?docid=knb-lter-sbc.18, accessed 2016. doi:10.6073/pasta/d90872297e30026b263a119d4f5bca9f",,,,,,,,,,,,Fish,,Marine,,,34.42129638,-119.8742864
BioTIME,68,272,,,,,"Reed, D. C. (2014b) ?SBC LTER: Reef: Kelp forest community dynamics: Fish abundance?. Santa Barbara Coastal LTER. Available at: http://sbc.lternet.edu/cgi-bin/showDataset.cgi?docid=knb-lter-sbc.17, accessed 2016. doi:10.6073/pasta/e37ed29111b2fddffc08355252b8b8c7.",,,,,,,,,,,,Invertebrates,,Marine,,,34.35688691,-119.8922693
BioTIME,69,273,,,,,"Reed, D. C. (2014c) ?SBC LTER: Reef: Kelp forest community dynamics: Invertebrate and algal density?. Santa Barbara Coastal LTER. Available at: http://sbc.lternet.edu/cgi-bin/showDataset.cgi?docid=knb-lter-sbc.19, accessed 2016. doi:10.6073/pasta/cd4cf864efecd69891dfe1d73b9ac9c3.",,,,,,,,,,,,Invertebrates,,Marine,,,34.35688727,-119.8922727
BioTIME,70,274,,,,,"Reed, D. C. (2014d) ?SBC LTER: Reef: Kelp forest community dynamics: Cover of sessile organisms, Uniform Point Contact?. Santa Barbara Coastal LTER. Available at: http://sbc.lternet.edu/cgi-bin/showDataset.cgi?docid=knb-lter-sbc.15, accessed 2016. doi:10.6073/pasta/f906c91e98c2a5fe752dfa0ccdc8895f.",,,,,,,,,,,,Multiple taxa,,Marine,,,34.42189556,-119.8778889
BioTIME,71,278,,,,,"""South Western Pacific Regional OBIS Data provider for the NIWA Marine Biodata Information System"". Ocean Biogeographic Information System. Occurrence Dataset. Available at: https://doi.org/10.15468/zuuiyu, accessed 2012.",,,,,,,,,,,,Fish,,Marine,,,-40.6660473,174.6602766
BioTIME,72,285,,,,,"""Previous_fisheries_REVIZEE_Program"", accessed through Tropical and Subtropical Western South Pacific OBIS. Available at: http://www.iobis.org/mapper/?dataset=2411, accessed 2012.",,,,,,,,,,,,Fish,,Marine,,,-16.28333148,-38.79877222
BioTIME,73,286,,,,,"Sherman, S. (2010) ""Maine Department of Marine Resources Inshore Trawl Survey, 2000 ? 2009"". Maine Department of Marine Resources, Maine. Available at: http://www.usgs.gov/obis-usa/data_search_and_access/datasets.html, accessed 2012.",,,,,,,,,,,,Fish,,Marine,,,44.03847544,-68.62020016
BioTIME,74,288,,,,,"Clark, D. & Branton, B. (2007) DFO Maritimes Research Vessel Trawl Surveys, OBIS Canada Digital Collections. Bedford Institute of Oceanography, Dartmouth, Nova Scotia, Canada, OBIS Canada,",,,,,,,,,,,,Fish,,Marine,,,43.91646688,-62.38141845
BioTIME,75,289,,,,,"Clark, D. & Branton, B. (2007) DFO Maritimes Research Vessel Trawl Surveys, OBIS Canada Digital Collections. Bedford Institute of Oceanography, Dartmouth, Nova Scotia, Canada, OBIS Canada,",,,,,,,,,,,,Fish,,Marine,,,45.46863833,-58.53963697
BioTIME,76,290,,,,,"""CSIRO Marine Data Warehouse - OBIS Australia"", CSIRO Division of Marine and Atmospheric Research (CMAR), Australia. Available at http://www.iobis.org, accessed 2012.",,,,,,,,,,,,Fish,,Marine,,,-39.94123829,149.08692
BioTIME,77,291,,,,,"""CSIRO Marine Data Warehouse - OBIS Australia"", CSIRO Division of Marine and Atmospheric Research (CMAR), Australia. Available at http://www.iobis.org, accessed 2012.",,,,,,,,,,,,Fish,,Marine,,,-30.78346543,132.8600535
BioTIME,78,292,,,,,"""CSIRO Marine Data Warehouse - OBIS Australia"", CSIRO Division of Marine and Atmospheric Research (CMAR), Australia. Available at http://www.iobis.org, accessed 2012.",,,,,,,,,,,,Fish,,Marine,,,-41.96250938,147.3298125
BioTIME,79,297,,,,,"Carpenter, R. (2015) ?MCR LTER: Coral Reef: Long-term Population and Community Dynamics: Other Benthic Invertebrates, ongoing since 2005?. Moorea Coral Reef LTER, knb-lter-mcr.7.28.  Available at: doi:10.6073/pasta/8e7b3a0c7a8bf315739921861cc79d10, accessed 2016.",,,,,,,,,,,,Invertebrates,,Marine,,,-17.5173745,-149.8272423
BioTIME,80,300,,,,,"Landis, D. & Gage, S. (2014) Insect Populations via Sticky Traps at KBS-LTER. Available at: http://lter.kbs.msu.edu/datatables/67, accessed 2016.",,,,,,,,,,,,Invertebrates,,Terrestrial,,,42.41010535,-85.37134446
BioTIME,81,304,,,,,"Privett, S., Cowling, R. & Taylor, H. (2001) Thirty years of change in the fynbos vegetation of the Cape of Good Hope Nature Reserve, South Africa. Bothalia, 31(1), 99?115. doi:10.4102/abc.v31i1.509. ",,,,,,,,,,,,Plants,,Terrestrial,,,-34.27137733,18.42391816
BioTIME,82,304,,,,,"Taylor, H. (1984) A vegetation survey of the Cape of Good Hope Nature Reserve. I. The use of association-analysis and Braun-Blanquet methods. Bothalia, 15, 245?258.",,,,,,,,,,,,Plants,,Terrestrial,,,-34.27137733,18.42391816
BioTIME,83,304,,,,,"Thuiller, W., Slingsby, J. A., Privett, S. D. J. & Cowling, R. M. (2007) Stochastic Species Turnover and Stable Coexistence in a Species-Rich, Fire-Prone Plant Community. PLoS ONE, 2(9), e938. doi:10.1371/journal.pone.0000938",,,,,,,,,,,,Plants,,Terrestrial,,,-34.27137733,18.42391816
BioTIME,84,321,,,,,"Lightfoot, D. & Schooley, R. L. ?SMES rodent trapping data, Small Mammal Exclosure Study?. Jornada LTER. Available at: http://jornada.nmsu.edu/sites/jornada.nmsu.edu/files/data_files/JornadaStudy_086_smes_rodent_trapping_data_0.csv, accessed 2016.",,,,,,,,,,,,Mammals,,Terrestrial,,,32.55493643,-106.8160364
BioTIME,85,330,,,,,"Davies, C. H., Armstrong, A. J., Baird, M., Coman, F., Edgar, S., Gaughan, D., Greenwood, J., Gusm?o, F., Henschke, N., Koslow, J. A., Leterme, S. C., McKinnon, A. D., Miller, M., Pausina, S., Palomino, J. U., Roennfeldt, R.-L., Rothlisberg, P., Slotwinski, A., Strzelecki, J., Suthers, I. M., Swadling, K. M., Talbot, S., Tonks, M., Tranter, D. H., Young, J. W. & Richardson, A. J. (2014) Over 75 years of zooplankton data from Australia. Ecology, 95, 3229. http://dx.doi.org/10.1890/14-0697.1.",,,,,,,,,,,,Invertebrates,,Marine,,,-34.89156731,149.1604406
BioTIME,86,354,,,,,"Davies, C. H., Coughlan, A., Hallegraeff, G., Ajani, P., Armbrecht, L., Atkins, N., Bonham, P., Brett, S., Brinkman, R., Burford, M., Clementson, L., Coad, P., Coman, F., Davies, D., Dela-Cruz, J., Devlin, M., Edgar, S., Eriksen, R., Furnas, M., Hassler, C., Hill, D., Holmes, M., Ingleton, T., Jameson, I., Leterme, S. C., L?nborg, C., McLaughlin, J., McEnnulty, F., McKinnon, A. D., Miller, M., Murray, S., Nayar, S., Patten, R., Pritchard, T., Proctor, R., Purcell-Meyerink, D., Raes, E., Rissik, D., Ruszczyk, J., Slotwinski, A., Swadling, K. M., Tattersall, K., Thompson, P., Thomson, P., Tonks, M., Trull, T.W., Uribe-Palomino, J., Waite, A. M., Yauwenas, R., Zammit, A. & Richardson, A. J. (2016) A database of marine phytoplankton abundance, biomass and species composition in Australian waters. Scientific Data, 3, 160043. http://10.1038/sdata.2016.43.",,,,,,,,,,,,Plants,,Marine,,,-31.80427198,147.9374027
BioTIME,87,356,,,,,"Bradford, M.G., Murphy, H.T., Ford, A.J., Hogan, D.L. & Metcalfe, D.J. (2014) Long?term stem inventory data from tropical rain forest plots in Australia. Ecology, 95, 2362-2362.",,,,,,,,,,,,Plants,,Terrestrial,,,-16.91006438,145.473895
BioTIME,88,359,,,,,"Reed, D. C. (2014) ?SBC LTER: Reef: Kelp Forest Community Dynamics: Fish abundance?. Santa Barbara Coastal LTER. Available at: doi:10.6073/pasta/e37ed29111b2fddffc08355252b8b8c7, accessed 2016.",,,,,,,,,,,,Fish,,Marine,,,34.42611938,-119.9275128
BioTIME,89,374,,,,,"Monitoring Site 1000 Project, Biodiversity Center, Ministry of Environment of Japan (2013) ?Monitoring site 1000 Shorebird Survey? (ShorebirdsDatapackage2012.zip, downloaded from http://www.biodic.go.jp/moni1000/ findings/data/index.html). Accessed 2016.",,,,,,,,,,,,Birds,,Marine,,,34.93301175,136.080313
BioTIME,90,375,,,,,"Monitoring Site 1000 Project, Biodiversity Center, Ministry of Environment of Japan (2014) ?Monitoring site 1000 Forest and grassland research - Surface wandering beetles survey data? (GBDataPackage2014ver1.zip, downloaded from http://www.biodic.go.jp/moni1000/findings/data/index.html). Accessed 2016.",,,,,,,,,,,,Invertebrates,,Terrestrial,,,38.19241379,138.697931
BioTIME,91,418,,,,,"Sweatman, H.P.A., Cheal, A.J., Coleman, G.J., Delean, S., Fitzpatrick, B.M., Miller, I.R., Ninio, R., Osborne, K., Page, C.M. & Thompson, A.A. (2001) Long-Term Monitoring of the Great Barrier Reef. Status Report Number 5. Available at: http://www.iobis.org/mapper/?dataset=233, accessed 2017.",,,,,,,,,,,,Fish,,Marine,,,-19.27609181,148.7676031
BioTIME,92,428,,,,,"Barcel?, C., Ciannelli, L., Olsen, E.M., Johannessen, T. & Knutsen, H. (2016) Eight decades of sampling reveal a contemporary novel fish assemblage in coastal nursery habitats. Global change biology, 22, 1155-1167.",,,,,,,,,,,,Fish,,Marine,,,58.90356382,9.488515335
BioTIME,93,428,,,,,"Olsen, E. M., Carlson, S. M., Gj?s?ter, J. & Stenseth, N. C. (2009) Nine decades of decreasing phenotypic variability in Atlantic cod. Ecology Letters, 12, 622?631. doi:10.1111/j.1461-0248.2009.01311.x",,,,,,,,,,,,Fish,,Marine,,,58.90356382,9.488515335
BioTIME,94,428,,,,,"Rogers, L. A., Stige, L. C., Olsen, E. M., Knutsen, H., Chan, K.-S. & Stenseth, N. C. (2011) Climate and population density drive changes in cod body size throughout a century on the Norwegian coast. Proceedings of the National Academy of Sciences, 108(5), 1961?1966.",,,,,,,,,,,,Fish,,Marine,,,58.90356382,9.488515335
BioTIME,95,428,,,,,"Stenseth, N. C., Bj?rnstadf, O. N., Falck, W, Fromentin, J. M., Gj?sieter, J. & Gray, J. S. (1999) Dynamics of coastal cod populations: intra-and intercohort density dependence and stochastic processes. Proceedings of the Royal Society of London B: Biological Sciences, 266(1429), 1645?1654.",,,,,,,,,,,,Fish,,Marine,,,58.90356382,9.488515335
BioTIME,96,430,,,,,"NIWA ?The New Zealand Freshwater Fish Database?. Available at: https://www.niwa.co.nz/our-services/online-services/freshwater-fish-database, accessed 2016.",,,,,,,,,,,,Fish,,Freshwater,,,-42.65907306,171.7190394
BioTIME,97,431,,,,,"NIWA ?The New Zealand Freshwater Fish Database?. Available at: https://www.niwa.co.nz/our-services/online-services/freshwater-fish-database, accessed 2016.",,,,,,,,,,,,Fish,,Freshwater,,,-40.40396656,172.996837
BioTIME,98,432,,,,,"NIWA ?The New Zealand Freshwater Fish Database?. Available at: https://www.niwa.co.nz/our-services/online-services/freshwater-fish-database, accessed 2016.",,,,,,,,,,,,Fish,,Freshwater,,,-40.0532908,174.1488453
BioTIME,99,433,,,,,"Budy, P., Luecke, C. & O'Brien, J. ?Zooplankton density for lake samples collected near Toolik Lake Arctic LTER in the summer from 1983 to 1992?. Arctic Long-Term Ecological Research.  Available at: http://arc-lter.ecosystems.mbl.edu/1983-1992arclterzoops, accessed 2016.",,,,,,,,,,,,Invertebrates,,Freshwater,,,68.617688,-149.60883
BioTIME,100,433,,,,,"Budy, P., Luecke, C. & O'Brien, J. ?Zooplankton density for lake samples collected near Toolik Lake Arctic LTER in the summers between 1993-2002?. Arctic Long-Term Ecological Research.  Available at: http://arc-lter.ecosystems.mbl.edu/1993-2002arcticlterzoops, accessed 2016.",,,,,,,,,,,,Invertebrates,,Freshwater,,,68.617688,-149.60883
BioTIME,101,466,,,,,"Neat, F. & Campbell, N. (2011) Demersal fish diversity of the isolated Rockall plateau compared with the adjacent west coast shelf of Scotland. Biological Journal of the Linnean Society, 104, 138?147. doi:10.1111/j.1095-8312.2011.01699.x.",,,,,,,,,,,,Fish,,Marine,,,57.38556664,-10.53410482
BioTIME,102,467,,,,,"Pombo, L. & Rebelo, J. E. (2002) Spatial and temporal organization of a coastal lagoon fish community-Ria de Aveiro, Portugal. Cybium, 26(3), 185?196.",,,,,,,,,,,,Fish,,Marine,,,40.67416778,-8.689536667
BioTIME,103,467,,,,,"Pombo, L., Elliott, M. I. & Rebelo, J. E. (2005) Environmental influences on fish assemblage distribution of an estuarine coastal lagoon, Ria de Aveiro (Portugal). Scientia Marina, 69(1), 143?159.",,,,,,,,,,,,Fish,,Marine,,,40.67416778,-8.689536667
BioTIME,104,467,,,,,"Pombo, L., Rebelo, J. E. & Elliott, M. (2007) The structure, diversity and somatic production of the fish community in an estuarine coastal lagoon, Ria de Aveiro (Portugal). Hydrobiologia, 587(1), 253?268.",,,,,,,,,,,,Fish,,Marine,,,40.67416778,-8.689536667
BioTIME,105,467,,,,,"Rebelo, J. E. (1992) The ichthyofauna and abiotic hydrological environment of the Ria de Aveiro, Portugal. Estuaries, 15(3), 403?413.",,,,,,,,,,,,Fish,,Marine,,,40.67416778,-8.689536667
BioTIME,106,468,,,,,"Kenner, M. C., Estes, J. A., Tinker, M. T., Bodkin, J. L., Cowen, R. K., Harrold, C., Hatfield, B. B., Novak, M., Rassweiler, A. & Reed, D. C. (2013) A multi-decade time series of kelp forest community structure at San Nicolas Island, California (USA). Ecology, 94, 2654. http://dx.doi.org/10.1890/13-0561R.1.",,,,,,,,,,,,Benthos,,Marine,,,33.24008143,-119.518
BioTIME,107,469,,,,,"Kushner, D. J., Rassweiler, A., McLaughlin, J. P. & Lafferty, K. D. (2013). A multi-decade time series of kelp forest community structure at the California Channel Islands. Ecology, 94, 2655. http://dx.doi.org/10.1890/13-0562.1.",,,,,,,,,,,,Benthos,,Marine,,,33.89929375,-119.6193625
BioTIME,108,499,,,,,"Institute of Agricultural and Fisheries research (ILVO), Belgium (2016) Macrobenthos monitoring at long-term monitoring stations in the Belgian part of the North Sea between 1979 and 1999. Available at: http://dx.doi.org/10.14284/201, accessed 2016.",,,,,,,,,,,,Invertebrates,,Marine,,,51.35225,2.9
BioTIME,109,500,,,,,"Institute of Agricultural and Fisheries research (ILVO), Belgium (2016) Macrobenthos monitoring at long-term monitoring stations in the Belgian part of the North Sea from 2001 on. Available at: http://dx.doi.org/10.14284/202, accessed 2016.",,,,,,,,,,,,Invertebrates,,Marine,,,51.40576875,3.025524375
BioTIME,110,505,,,,,"Edelist, D., Rilov, G., Golani, D., Carlton, J.T. & Spanier, E. (2013) Restructuring the Sea: profound shifts in the world's most invaded marine ecosystem. Diversity and Distributions, 19, 69?77.",,,,,,,,,,,,Multiple taxa,,Marine,,,32.48554444,34.87003333
BioTIME,111,507,,,,,"van Rijn, I. ?Trawl fisheries in the Israeli Mediterranean 1980-2013?. Accessed 2016.",,,,,,,,,,,,Fish,,Marine,,,31.97202849,34.57150065
BioTIME,112,512,,,,,"Hundt, R. (2001) ?kologisch-geobotanische Untersuchungen an den mitteldeutschen Wiesengesellschaften unter besonderer Ber?cksichtigung ihres Wasserhaushaltes und ihrer Ver?nderung durch die Intensivbewirtschaftung im Rahmen der Gro?fl?chenproduktion. Biosph?renreservat Rh?n, Th?ringen. Monografie, 3, 366.",,,,,,,,,,,,Plants,,Terrestrial,,,51.34006057,11.86527429
BioTIME,113,512,,,,,"Jandt, U. & Bruelheide, H. (2012) German vegetation reference database (GVRD). Biodiversity & Ecology, 4, 355-355.",,,,,,,,,,,,Plants,,Terrestrial,,,51.34006057,11.86527429
BioTIME,114,516,,,,,"Rocha, R. (2017) Tropical forest fragmentation: effects on the spatio-temporal dynamics of its bat communities. PhD Thesis, University of Lisbon, Lisbon, Portugal.",,,,,,,,,,,,Mammals,,Terrestrial,,,-2.390843583,-59.91215425
BioTIME,115,516,,,,,"Rocha, R., L?pez-Baucells, A., Farneda, F.Z., Groenenberg, M., Bobrowiec, P.E.D., Cabeza, M., Palmeirim, J.M. & Meyer, C.F.J. (2017) Consequences of a large-scale fragmentation experiment for Neotropical bats: disentangling the relative importance of local and landscape-scale effects. Landscape Ecology, 32, 31-45.",,,,,,,,,,,,Mammals,,Terrestrial,,,-2.390843583,-59.91215425
BioTIME,116,516,,,,,"Sampaio, E.M., Kalko, E.K., Bernard, E., Rodr?guez-Herrera, B. & Handley, C.O. (2003) A biodiversity assessment of bats (Chiroptera) in a tropical lowland rainforest of Central Amazonia, including methodological and conservation considerations. Studies on Neotropical fauna and environment, 38, 17-31.",,,,,,,,,,,,Mammals,,Terrestrial,,,-2.390843583,-59.91215425
BioTIME,117,516,,,,,"Farneda, F.Z., Rocha, R., L?pez-Baucells, A., Sampaio, E.M., Palmeirim, J.M., Bobrowiec, P.E., Grelle, C.E. & Meyer, C.F. (2018) Functional recovery of Amazonian bat assemblages following secondary forest succession. Biological Conservation, 218, 192-199.",,,,,,,,,,,,Mammals,,Terrestrial,,,-2.390843583,-59.91215425
BioTIME,118,516,,,,,"Rocha, R., Ovaskainen, O., L?pez-Baucells, A., Farneda, F.Z., Sampaio, E.M., Bobrowiec, P.E.D., Cabeza, M., Palmeirim, J.M. & Meyer, C.F.J. (2018) Secondary forest regeneration benefits old-growth specialist bats in a fragmented tropical landscape. Scientific Reports, 8, 3819.",,,,,,,,,,,,Mammals,,Terrestrial,,,-2.390843583,-59.91215425
RivFishTIME,119,1,,,,,Ag?ncia Catalana de l?Aigua (2003) Desenvolupament d'un ?ndex d'integritat bi?tica (IBICAT) basat en l'?s dels peixos com a indicadors de la qualitat ambiental dels rius a Catalunya. Aplicaci? de la Directiva Marc en Pol?tica d?Aig?es de la Uni? Europea (2000/60/CE). 207 pages.,,,,,,,,,,,,Fish,,Freshwater,,,41.91083211,2.251170833
RivFishTIME,120,1,,,,,"Ag?ncia Catalana de l?Aigua (2010) Ajust de l??ndex d?Integritat Bi?tica (IBICAT) basat en l??s dels peixos com a indicadors de la qualitat ambiental als rius de Catalunya. Departament de Medi Ambient i Habitatge, Generalitat de Catalunya. 187 pages.",,,,,,,,,,,,Fish,,Freshwater,,,41.91083211,2.251170833
RivFishTIME,121,1,,,,,"Ag?ncia Catalana de l?Aigua (2018) ACORD GOV/139/2013, de 15 d?octubre, pel qual s?aprova el Programa de seguiment i control del Districte de conca fluvial de Catalunya per al per?ode 2013-2018.",,,,,,,,,,,,Fish,,Freshwater,,,41.91083211,2.251170833
RivFishTIME,122,2,,,,,"Casatti, L., Ferreira, C.P. & Carvalho, F.R. (2009) Grass-dominated stream sites exhibit low fish species diversity and dominance by guppies: an assessment of two tropical pasture river basins. Hydrobiologia, 632, 273?283.",,,,,,,,,,,,Fish,,Freshwater,,,-20.38034842,-50.36889868
RivFishTIME,123,2,,,,,"Zeni, J.O., Hoeinghaus, D.J. & Casatti, L. (2017) Effects of pasture conversion to sugarcane for biofuel production on stream fish assemblages in tropical agroecosystems. Freshwater Biology, 62, 2026?2038.",,,,,,,,,,,,Fish,,Freshwater,,,-20.38034842,-50.36889868
RivFishTIME,124,4,,,,,"Eros, T., S?ly, P., Tak?cs, P., Higgins, C.L., B?r?, P. & Schmera, D. (2014) Quantifying temporal variability in the metacommunity structure of stream fishes: the influence of non-native species and environmental drivers. Hydrobiologia, 722, 31?43.",,,,,,,,,,,,Fish,,Freshwater,,,46.76554095,17.29076905
RivFishTIME,125,5,,,,,"Gammon, J. (2003) The fish communities of Big Raccoon Creek 1981-2002. Report for Heritage Environmental Services. Indianapolis, Indiana. 258 pages.",,,,,,,,,,,,Fish,,Freshwater,,,39.8351075,-86.9246525
RivFishTIME,126,6,,,,,"Bunn, S.E., Abal, E.G., Smith, M.J., Choy, S.C., Fellows, C.S., Harch, B.D., Kennard, M.J. & Sheldon, F. (2010) Integration of science and monitoring of river ecosystem health to guide investments in catchment protection and rehabilitation. Freshwater Biology, 55, 223?240.",,,,,,,,,,,,Fish,,Freshwater,,,-27.41544893,152.7884922
RivFishTIME,127,7,,,,,Finnish electrofishing register Hertta (2019) Available at https://wwwp2.ymparisto.fi/koekalastus_sahko/yhteinen/Login.aspx?ReturnUrl=%2fkoekalastus_sahko [Accessed on 04/09/2019].,,,,,,,,,,,,Fish,,Freshwater,,,63.04758537,25.36213963
RivFishTIME,128,8,,,,,"Sigouin, D. (2017) Fish Communities ? Forillon, dataset fe2441a6-8ae4-4884-b181-cd7ec53bd842. Available at https://open.canada.ca/data/en/dataset/fe2441a6-8ae4-4884-b181-cd7ec53bd842 [Accessed on 05/07/2019].",,,,,,,,,,,,Fish,,Freshwater,,,48.886222,-64.442166
RivFishTIME,129,9,,,,,"Whitney, J.E., Gido, K.E., Martin, E.C. & Hase K.J. (2016) The first to arrive and the last to leave: colonisation and extinction dynamics of common and rare fishes in intermittent prairie streams. Freshwater Biology, 61, 1321?1334.",,,,,,,,,,,,Fish,,Freshwater,,,38.457375,-96.567075
RivFishTIME,130,10,,,,,"Gido, K.B, Propst, D.L., Olden, J.D., & Bestgen, K.R. (2013) Multidecadal responses of native and introduced fishes to natural and altered flow regimes in the American Southwest. Canadian Journal Fisheries and Aquatic Sciences, 70, 554?564",,,,,,,,,,,,Fish,,Freshwater,,,33.30254833,-108.4750333
RivFishTIME,131,10,,,,,"Gido, K.B, Propst, D.L., Whitney, J.E., Hedden, S.C., Turner, T.F. & Pilger, T.J. (2019) Pockets of resistance: Response of arid-land fish communities to climate, hydrology, and wildfire. Freshwater Biology, 64, 761?777.",,,,,,,,,,,,Fish,,Freshwater,,,33.30254833,-108.4750333
RivFishTIME,132,11,,,,,"Kesner, B.R. & Marsh, P.C. (2010) Central Arizona project fish monitoring: Final report. Analysis of fish population monitoring data for selected waters of the Gila River Basin, Arizona, for the five year period 2005-2009. Contract No. R09PD32013. Submitted to U.S. Bureau of Reclamation. Tempe, Arizona: Marsh and Associates, LLC. 50 pages.",,,,,,,,,,,,Fish,,Freshwater,,,33.29700667,-108.47795
RivFishTIME,133,14,,,,,"Terui, A., Ishiyama, N., Urabe, H., Ono, S., Finlay, J. C. & Nakamura, F. (2018) Metapopulation stability in branching river networks. Proceedings of the National Academy of Sciences, 115, E5963?E5969.",,,,,,,,,,,,Fish,,Freshwater,,,42.9521163,141.6193111
RivFishTIME,134,15,,,,,Iowa DNR [Department of Natural Resources] (2013) BioNet - Iowa DNR Biological Monitoring and Assessment Database. Available at https://programs.iowadnr.gov/bionet/ [Accessed on 02/01/2018].,,,,,,,,,,,,Fish,,Freshwater,,,42.34333154,-93.83472154
RivFishTIME,135,16,,,,,"Milardi, M., Gavioli, A., Soana, E., Lanzoni, M., Fano, E.A. & Castaldelli, G. (2020) The role of species introduction in modifying the functional diversity of native communities. Science of the Total Environment, 699, 134364.",,,,,,,,,,,,Fish,,Freshwater,,,45.61421667,11.94406033
RivFishTIME,136,17,,,,,"Lev?que, C., Hougard, J.M., Resh, V., Statzner, B. & Yam?ogo, L. (2003) Freshwater ecology and biodiversity in the tropics: what did we learn from 30 years of onchocerciasis control and the associated biomonitoring of West African rivers? Hydrobiologia, 500, 23?49.",,,,,,,,,,,,Fish,,Freshwater,,,8.8664175,-5.49968475
RivFishTIME,137,18,,,,,"Pyron, M., Vaughn, C.C., Winston, M.R. & Pigg J. (1998) Fish assemblage structure from 20 years of collections in the Kiamichi River, Oklahoma. Southwestern Naturalist, 43, 336?343.",,,,,,,,,,,,Fish,,Freshwater,,,34.5297525,-95.2909325
RivFishTIME,138,21,,,,,Long Term Resource Monitoring Program (2016) Available at https://www.umesc.usgs.gov/data_library/fisheries/fish1_query.shtml [Accessed on 06/09/2019].,,,,,,,,,,,,Fish,,Freshwater,,,41.1658363,-90.56991593
RivFishTIME,139,20,,,,,"McLarney, W.O., Meador, J. & Chamblee, J. (2013) Upper Little Tennessee River biomonitoring program database. Coweeta Long Term Ecological Research Program. Available at: https://coweeta.uga.edu/dbpublic/dataset_details.asp?accession54045 [Accessed on 11/15/2019].",,,,,,,,,,,,Fish,,Freshwater,,,35.15655889,-83.42882556
RivFishTIME,140,23,,,,,Murray-Darling Basin Authority (2018) Murray-Darling Basin Fish and Macroinvertebrate Survey. Available at https://data.gov.au/data/dataset/7826d7c9-bcc5-48c0-832a-66aaedfe7b0f [Accessed on 10/15/2019].,,,,,,,,,,,,Fish,,Freshwater,,,-30.83838842,146.8397737
RivFishTIME,141,24,,,,,Minnesota Pollution Control Agency (2018) Surface water data. Available at https://cf.pca.state.mn.us/water/watershedweb/wdip/search_more.cfm?datatype=assessments [Accessed on 04/03/2019].,,,,,,,,,,,,Fish,,Freshwater,,,46.11886,-93.13881125
RivFishTIME,142,25,,,,,"Montana, Fish, Wildlife & Parks (2019) Fish Survey Sites. Available at http://gis-mtfwp.opendata.arcgis.com/datasets/8192e75218c6460ba97ba3dd0a2fb3a5 [Accessed on 05/21/2019].",,,,,,,,,,,,Fish,,Freshwater,,,47.1726675,-113.7873458
RivFishTIME,143,26,,,,,"U.S. Geological Survey (2019) BioData - Aquatic Bioassessment Data for the Nation. Available at https://aquatic.biodata.usgs.gov/clearCriteria.action [Accessed on 10/15/2019], doi:10.5066/F77W698B.",,,,,,,,,,,,Fish,,Freshwater,,,38.2497675,-99.25606417
RivFishTIME,144,27,,,,,U.K. Environmental Agency (2019) National Fish Populations Database (NFPD): Freshwater fish survey relational datasets. Available at https://data.gov.uk/dataset/d129b21c-9e59-4913-91d2-82faef1862dd/nfpd-freshwater-fish-survey-relational-datasets [Accessed on 10/15/2019].,,,,,,,,,,,,Fish,,Freshwater,,,52.75176939,-1.909686449
RivFishTIME,145,28,,,,,North Carolina Department of Environmental Quality (2018) Fish Community Assessment Data. Available at https://deq.nc.gov/about/divisions/water-resources/water-resources-data/water-sciences-home-page/biological-assessment-branch/fish-community [Accessed on 02/06/2018].,,,,,,,,,,,,Fish,,Freshwater,,,35.66244435,-80.36492348
RivFishTIME,146,29,,,,,"Fagundes, D.C., Leal, C.G., Carvalho, D.R., Junqueira, N.T., Langeani, F. & Pompeu, P.S. (2015) The stream fish fauna from three regions of the Upper Paran? River basin. Biota Neotropica, 15, 1?8.",,,,,,,,,,,,Fish,,Freshwater,,,-19.230486,-47.00076
RivFishTIME,147,30,,,,,"Winston, M.R., Taylor, C.M. & Pigg, J. (1991) Upstream extirpation of four minnow species due to damming of a prairie stream. Transactions of the American Fisheries Society, 120, 98?105.",,,,,,,,,,,,Fish,,Freshwater,,,35.39355,-97.577
RivFishTIME,148,30,,,,,"Taylor, C.M.? (2010) Covariation among plains stream fish assemblages, flow regimes, and patterns of water use. In: Community ecology of stream fishes: concepts, approaches, and techniques.? American Fisheries Society Symposium, 2010.",,,,,,,,,,,,Fish,,Freshwater,,,35.39355,-97.577
RivFishTIME,149,32,,,,,Office fran?ais de la biodiversit? (2019) Suivi des ?l?ments biologiques ?POISSONS? des rivi?res fran?aises. Available at http://www.naiades.eaufrance.fr/acces-donnees#/hydrobiologie [Accessed on 07/08/2019].,,,,,,,,,,,,Fish,,Freshwater,,,46.37930967,2.255371805
RivFishTIME,150,34,,,,,Agencia Vasca del Agua (2019) UBEGI. Informaci?n sobre el estado de las masas de agua de la CAPV. Available at http://www.uragentzia.euskadi.eus/informacion/ubegi/u81-0003341/es/ [Accessed 10/10/2019].,,,,,,,,,,,,Fish,,Freshwater,,,43.13383444,-2.550553315
RivFishTIME,151,36,,,,,"Davenport, S. R. (Unpublished data).",,,,,,,,,,,,Fish,,Freshwater,,,33.5378,-104.3333364
RivFishTIME,152,37,,,,,"Dala-Corte, R.B, Becker, F.G. & Melo, A.S. (2017) The importance of metacommunity processes for long-term turnover of riffle-dwelling fish assemblages depends on spatial position within a dendritic network. Canadian Journal of Fisheries and Aquatic Sciences, 74, 101?115.",,,,,,,,,,,,Fish,,Freshwater,,,-29.57496182,-50.26146045
RivFishTIME,153,38,,,,,"B?che, L.A., Connors, P.G., Resh, V.H. & Merenlender, A.M. (2009) Resilience of fishes and invertebrates to prolonged drought in two California streams. Ecography, 32, 778?788.",,,,,,,,,,,,Fish,,Freshwater,,,38.7971,-122.381525
RivFishTIME,154,38,,,,,The Resh Lab (2019) Hunting Creek and Knoxville Creek long-term data. Available at: https://nature.berkeley.edu/reshlab/data/HCKC_fish.xls [Accessed 05/19/2019].,,,,,,,,,,,,Fish,,Freshwater,,,38.7971,-122.381525
RivFishTIME,155,39,,,,,Toronto and Region Conservation Authority (TRCA) (2018) Watershed Fish Community. Available at https://data.trca.ca/dataset/2018-watershed-fish-community [Accessed on 09/18/2019].,,,,,,,,,,,,Fish,,Freshwater,,,43.87436944,-79.24470556
RivFishTIME,156,42,,,,,"Sers, B. (2013) Swedish Electrofishing RegiSter ? SERS. Swedish University of Agricultural Sciences (SLU), Department of Aquatic Resources. Available at http://www.slu.se/elfiskeregistret [Accessed on 11/18/2019].",,,,,,,,,,,,Fish,,Freshwater,,,60.44747359,16.29797325
RivFishTIME,157,41,,,,,"Stefferud, J.A. (Unpublished data).",,,,,,,,,,,,Fish,,Freshwater,,,32.14300714,-110.2934714
RivFishTIME,158,43,,,,,"Benejam, L., Angermeier, P.L., Munn?, A. & Garc?a-Berthou, E. (2010) Assessing effects of water abstraction on fish assemblages in Mediterranean streams. Freshwater Biology 55, 628?642.",,,,,,,,,,,,Fish,,Freshwater,,,41.71732,2.457264222
RivFishTIME,159,43,,,,,"Merciai, R., Molons-Sierra, C., Sabater, S. & Garc?a-Berthou, E. (2017) Water abstraction affects abundance, size-structure and growth of two threatened cyprinid fishes. Plos One, 12, e0175932.",,,,,,,,,,,,Fish,,Freshwater,,,41.71732,2.457264222
RivFishTIME,160,45,,,,,"Rinne, J.N., & Miller, D. (2006) Hydrology, geomorphology and management: implications for sustainability of native southwestern fishes. Reviews in Fisheries Sciences 14, 91?110.",,,,,,,,,,,,Fish,,Freshwater,,,34.88427286,-112.2515
RivFishTIME,161,46,,,,,"Van Thuyne, G., Breine, J., Verreycken, H., De Boeck, T., Brosens, D. & Desmet, P. (2013) VIS - Fishes in inland waters in Flanders, Belgium. Research Institute for Nature and Forest (INBO). Dataset/Occurrence. Available at https://www.gbif.org/dataset/823dc56e-f987-495c-98bf-43318719e30f [Accessed on 04/11/2017], doi:10.15468/gzyxyd.",,,,,,,,,,,,Fish,,Freshwater,,,51.01736429,4.556851429
RivFishTIME,162,46,,,,,"Brosens, D., Breine, J., Van Thuyne, G., Belpaire, C., Desmet, P. & Verreycken, H. (2015) VIS ? A database on the distribution of fishes in inland and estuarine waters in Flanders, Belgium. ZooKeys, 475, 119-145.",,,,,,,,,,,,Fish,,Freshwater,,,51.01736429,4.556851429
