DB,Projectid,Paperid,Year,Authors,Title,Journal,DOI,URL,Data Availability,Date of downloading,Citation of data source,Creative Commons Liscence,creativecommonsliscence
GAZP,5,1,2015,"Rinella, M., Hammond, Darcy, H., Bryant, Ana-Elisa, Kozar, Brian J.",High precipitation and seeded species competition reduce seeded shrub establishment during dryland restoration,Ecological Applications,10.1890/14-1110.1,https://doi.org/10.1890/14-1110.1,NA,NA,"Rinella, Matthew J.; Hammond, Darcy H.; Bryant, Ana-Elisa M.; Kozar, Brian J. (2015), Data from: High precipitation and seeded species competition reduce seeded shrub establishment during dryland restoration, Dryad, Dataset, https://doi.org/10.5061/dryad.b91t7",CC0,CC0
GAZP,7,1,2012,"Munson, S.M. and Lauenroth, W.K.",Plant Community Recovery Following Restoration in Semiarid Grasslands,Restoration Ecology,10.1111/j.1526-100X.2011.00808.x,https://onlinelibrary.wiley.com/doi/full/10.1111/j.1526-100X.2011.00808.x,NA,NA,NA,NA,NA
GAZP,8,1,2016,"Krame, A",PINE RIDGE FIRE: NATIVE WINNER SEEDING TRIALS,NA,NA,NA,NA,NA,NA,NA,NA
GAZP,9,1,2011,United State Department of the Interior Bureau of Land Management,Black Ridge Monitoring Report,United State Department of the Interior Bureau of Land Management,NA,NA,NA,NA,NA,NA,NA
GAZP,10,1,2012,"Porensky, LM; Vaughn, KJ; Young, TP",Can initial intraspecific spatial aggregation increase multi-year coexistence by creating temporal priority?,ECOLOGICAL APPLICATIONS,10.1890/11-0818.1,http://doi.org/10.1890/11-0818.1,NA,NA,NA,NA,NA
GAZP,10,1,2015,"Young, D. J. N., L. M. Porensky, K. M. Wolf, S. E. Fick, and T. P. Young.",Burning reveals cryptic plant diversity and promotes coexistence in a California prairie restoration experiment,Ecosphere,10.1890/ES14-00303.1,https://esajournals.onlinelibrary.wiley.com/doi/full/10.1890/ES14-00303.1,NA,NA,NA,NA,NA
GAZP,11,1,2018,"Porensky, LM; Perryman, BL; Williamson, MA; Madsen, MD; Leger, EA",Combining active restoration and targeted grazing to establish native plants and reduce fuel loads in invaded ecosystems,ECOLOGY AND EVOLUTION,10.1002/ece3.4642,http://doi.org/10.1002/ece3.4642,NA,NA,NA,NA,NA
GAZP,13,1,2017,"Owen W. Baughman, Robert Burton, Mark Williams, Peter J. Weisberg, Thomas E. Dilts, Elizabeth A. Leger",Cheatgrass Die-Offs: A Unique Restoration Opportunity in Northern Nevada,Rangelands,10.1016/j.rala.2017.09.001,https://www.sciencedirect.com/science/article/pii/S0190052817300470,NA,NA,NA,NA,NA
GAZP,15,1,2012,"M.R. Ross, S.C. Castle, N.N. Barger,",Effects of fuels reductions on plant communities and soils in a Piñon-juniper woodland,Journal of Arid Environments,10.1016/j.jaridenv.2011.11.019,https://www.sciencedirect.com/science/article/pii/S0140196311003533,NA,NA,NA,NA,NA
GAZP,15,2,2014,"Redmond, M.D., Zelikova, T.J. & Barger, N.N",Limits to Understory Plant Restoration Following Fuel-Reduction Treatments in a Piñon–Juniper Woodland,Environmental Management,10.1007/s00267-014-0338-3,https://link.springer.com/article/10.1007/s00267-014-0338-3,NA,NA,NA,NA,NA
GAZP,17,1,2015,"Erin Espeland, Laurie Richardson",The Role of Competition and Seed Production Environment on the Success of Two Perennial Grass Species in a Roadside Restoration,Ecological Restoration,10.3368/er.33.3.282,http://er.uwpress.org/content/33/3/282.short,NA,NA,NA,NA,NA
GAZP,18,1,2017,"Erin K. Espeland, John Hendrickson, David Toledo, Natalie M. West and Tatyana A. Rand",Soils Determine Early Revegetation Establishment with and without Cover Crops in Northern Mixed Grass Prairie after Energy Development,Ecological Restoration,10.3368/er.35.4.311,http://er.uwpress.org/content/35/4/311.short,NA,NA,NA,NA,NA
GAZP,19,1,2017,"Liu, XY; Cao, YG; Bai, ZK; Wang, JM; Zhou, W",Evaluating relationships between soil chemical properties and vegetation cover at different slope aspects in a reclaimed dump,ENVIRONMENTAL EARTH SCIENCES,10.1007/s12665-017-7157-9,http://doi.org/10.1007/s12665-017-7157-9,NA,NA,NA,NA,NA
GAZP,20,1,2012,"CS Boyd, KW Davies",Differential seedling performance and environmental correlates in shrub canopy vs. interspace microsites,Journal of Arid Environments,10.1016/j.jaridenv.2012.06.010,https://www.sciencedirect.com/science/article/pii/S0140196312001796,NA,NA,NA,NA,NA
GAZP,21,1,2012,"CS Boyd, KW Davies",Spatial Variability in Cost and Success of Revegetation in a Wyoming Big Sagebrush Community,Environmental Management,10.1007/s00267-012-9894-6,https://link.springer.com/article/10.1007/s00267-012-9894-6,NA,NA,NA,NA,NA
GAZP,22,1,2004,"RL Newhall, TA Monaco, WH Horton, RD Harrison",Rehabilitating Salt-Desert Ecosystems Following Wildfire And Wind Erosion,Rangelands,https://www.jstor.org/stable/4001906,https://www.jstor.org/stable/4001906,NA,NA,NA,NA,NA
GAZP,23,1,2005,"Blair L. Waldron, Thomas A. Monaco, Kevin B. Jensen, R. Deane Harrison, Antonio J. Palazzo, and James D. Kulbeth",Coexistence of Native and Introduced Perennial Grasses following Simultaneous Seeding,Agronomy Journal,NA,https://dl.sciencesocieties.org/publications/aj/abstracts/97/3/0990,NA,NA,NA,NA,NA
GAZP,24,1,2014,"Davies, K.W. and Bates, J.D.",Attempting to Restore Herbaceous Understories in Wyoming Big Sagebrush Communities with Mowing and Seeding,Restoration Ecology,10.1111/rec.12110,https://doi.org/10.1111/rec.12110,NA,NA,NA,NA,NA
GAZP,25,1,2015,"KW Davies, CS Boyd, DD Johnson, AM Nafus",Success of seeding native compared with introduced perennial vegetation for revegetating medusahead-invaded sagebrush rangeland,Rangeland Ecology & Management,10.1016/j.rama.2015.03.004,https://doi.org/10.1016/j.rama.2015.03.004,NA,NA,NA,NA,NA
GAZP,26,1,2014,"Kirk W. Davies, Dustin D. Johnson, and Aleta M. Nafus*",Restoration of Exotic Annual Grass-Invaded Rangelands: Importance of Seed Mix Composition,Invasive Plant Science and Management,10.1614/IPSM-D-12-00093.1, https://doi.org/10.1614/IPSM-D-12-00093.1,NA,NA,NA,NA,NA
GAZP,27,1,2017,"Luis Merino-Martín, Lucy Commander, Zhun Mao, Jason C. Stevens, Ben P. Miller, Peter J. Golos, C. Ellery Mayenceb,c,d, Kingsley Dixon",Overcoming topsoil deficits in restoration of semiarid lands: Designing hydrologically favourable soil covers for seedling emergence,Ecological Engineering,10.1016/j.ecoleng.2017.04.033,http://dx.doi.org/10.1016/j.ecoleng.2017.04.033,NA,NA,NA,NA,NA
GAZP,28,1,2019,"Brandt, AJ; Seabloom, EW; Cadotte, MW",Nitrogen alters effects of disturbance on annual grassland community diversity: Implications for restoration,JOURNAL OF ECOLOGY,10.1111/1365-2745.13245,http://doi.org/10.1111/1365-2745.13245,NA,03.26.2020,"Seabloom, Eric W. (2016), Data from: Spatial and temporal variability in propagule limitation of California native grasses, Dryad, Dataset, https://doi.org/10.5061/dryad.61jq1",CC0,CC0
GAZP,28,2,2011,"Seabloom, EW",Spatial and temporal variability in propagule limitation of California native grasses,OIKOS,10.1111/j.1600-0706.2010.18781.x,http://doi.org/10.1111/j.1600-0706.2010.18781.x,NA,03.26.2020,"Seabloom, Eric W. (2016), Data from: Spatial and temporal variability in propagule limitation of California native grasses, Dryad, Dataset, https://doi.org/10.5061/dryad.61jq1",CC0,CC0
GAZP,29,1,2007,"Jaume Tormo, Esther Bochet, Patricio García-Fayos","Roadfill Revegetation in Semiarid Mediterranean Environments. Part II: Topsoiling, Species Selection, and Hydroseeding",Restoration Ecology,NA,https://doi.org/10.1111/j.1526-100X.2006.00194.x,NA,NA,NA,NA,NA
GAZP,32,1,2012,"Claire E. Wainwright, Elizabeth M. Wolkovich, Elsa E. Cleland",Seasonal priority effects: implications for invasion and restoration in a semi-arid system,Journal of Applied Ecology,10.1111/j.1365-2664.2011.02088.x,https://doi.org/10.1111/j.1365-2664.2011.02088.x,NA,NA,NA,NA,NA
GAZP,33,1,2012,"Joshua D. Eldridge, Edward F. Redente, Mark  Paschke","The Use of Seedbed Modifications and Wood Chips to Accelerate Restoration of Well Pad Sites in Western Cololrado, U.S.A.",Restoration Ecology,10.1111/j.1526-100X.2011.00783.x,https://doi.org/10.1111/j.1526-100X.2011.00783.x,NA,NA,NA,NA,NA
GAZP,38,1,2016,"Paterno, GB; Siqueira, JA; Ganade, G","Species-specific facilitation, ontogenetic shifts and consequences for plant community succession",JOURNAL OF VEGETATION SCIENCE,10.1111/jvs.12382,http://doi.org/10.1111/jvs.12382,NA,NA,NA,NA,NA
GAZP,40,1,2017,"Charles Ellery Mayence, Peter J. Carrick, Dale Van Beem, Eefje Broenland and Kingsley W. Dixon","Seed dormancy, soil type and protective shelters influence seedling emergence at Shark Bay, Western Australia: Insight into global dryland revegetation",ECOLOGICAL MANAGEMENT & RESTORATION,10.1111/emr.12253,https://doi.org/10.1111/emr.12253,NA,NA,NA,NA,NA
GAZP,41,1,2016,"C. E. Mayence, J. C. Stevens, P. Courtney, K. W. Dixon",Edaphic constraints on seed germination and emergence of three Acacia species for dryland restoration in Saudi Arabia,Plant Ecol,10.1007/s11258-016-0680-z,https://doi.org/10.1007/s11258-016-0680-z,NA,NA,NA,NA,NA
GAZP,42,1,2009,"Emiliano Quiroga, Lisandro Blanco, Enrique Oriomte",Evaluación de estrategias de rehabilitación de pastizales áridos,Ecología Austral,NA,NA,NA,NA,NA,NA,NA
GAZP,43,1,2002,Dr Patricia M Holmes,"Renosterveld Restoration on Cultivated Lands at Eerste River, Western Cape: Preliminary Findings of a Pilot Study",NA,NA,NA,NA,NA,NA,NA,NA
GAZP,44,1,2011,"de la Riva, EG; Casado, MA; Jimenez, MD; Mola, I; Costa-Tenorio, M; Balaguer, L",Rates of local colonization and extinction reveal different plant community assembly mechanisms on road verges in central Spain,JOURNAL OF VEGETATION SCIENCE,10.1111/j.1654-1103.2010.01248.x,http://doi.org/10.1111/j.1654-1103.2010.01248.x,NA,NA,NA,NA,NA
GAZP,45,1,2012,"Ballesteros, M; Canadas, EM; Foronda, A; Fernandez-Ondono, E; Penas, J; Lorite, J",Vegetation recovery of gypsum quarries: short-term sowing response to different soil treatments,APPLIED VEGETATION SCIENCE,10.1111/j.1654-109X.2011.01166.x,http://doi.org/10.1111/j.1654-109X.2011.01166.x,NA,NA,NA,NA,NA
GAZP,46,1,2010,"Torok, P; Deak, B; Vida, E; Valko, O; Lengyel, S; Tothmeresz, B",Restoring grassland biodiversity: Sowing low-diversity seed mixtures can lead to rapid favourable changes,BIOLOGICAL CONSERVATION,10.1016/j.biocon.2009.12.024,http://doi.org/10.1016/j.biocon.2009.12.024,NA,NA,NA,NA,NA
GAZP,46,2,2011,"Valkó, O., Deák, B., Török, P., Kelemen, A., Miglécz, T., Tóth, K., Tóthmérész, B. ",Litter and graminoid biomass accumulation suppresses weedy forbs in grassland restoration,Plant Biosystems,10.1080/11263504.2011.601336,https://doi.org/10.1080/11263504.2011.601336,NA,NA,NA,NA,NA
GAZP,46,3,2016,"Miglécz, T., Valkó, O., Török, P., Deák, B., Kelemen, A., Donkó, Á., Drexler, D., Tóthmérész, B.",Abandonment of croplands: problem or chance for grassland restoration? Case studies from Hungary,Ecosystem Health and Sustainability,10.1002/ehs2.1208,https://doi.org/10.1002/ehs2.1208,NA,NA,NA,NA,NA
GAZP,48,1,2018,"Orsolya Valkó, Katalin Tóth, András Kelemen, Tamás Miglécz, Szilvia Radócz, Judit Sonkoly, Béla Tóthmérész, Péter Török4, Balázs Deák",Cultural heritage and biodiversity conservation – plant introduction and practical restoration on ancient burial mounds,Nature Conservation,10.3897/natureconservation.24.20019,https://doi.org/10.3897/natureconservation.24.20019,NA,NA,NA,NA,NA
GAZP,51,1,2017,"Miguel Ballesteros, Eva María Cañadas, Rob H. Marrs, Ana Foronda, Francisco José Martín-Peinado, Juan Lorite",RESTORATION OF GYPSICOLOUS VEGETATION ON QUARRY SLOPES: GUIDANCE FOR HYDROSEEDING UNDER CONTRASTING INCLINATION AND ASPECT,land degradation & development,10.1002/ldr.2740,https://doi.org/10.1002/ldr.2740,NA,NA,NA,NA,NA
GAZP,53,1,2012,"Kirmer, A; Baasch, A; Tischew, S",Sowing of low and high diversity seed mixtures in ecological restoration of surface mined-land,APPLIED VEGETATION SCIENCE,10.1111/j.1654-109X.2011.01156.x,http://doi.org/10.1111/j.1654-109X.2011.01156.x,NA,NA,NA,NA,NA
GAZP,54,1,2016,"Waller, PA; Anderson, PML; Holmes, PM; Allsopp, N","Seedling recruitment responses to interventions in seed-based ecological restoration of Peninsula Shale Renosterveld, Cape Town",SOUTH AFRICAN JOURNAL OF BOTANY,10.1016/j.sajb.2015.09.009,http://doi.org/10.1016/j.sajb.2015.09.009,NA,NA,NA,NA,NA
GAZP,56,1,2006,"Guo, QF; Shaffer, T; Buhl, T","Community maturity, species saturation and the variant diversity-productivity relationships in grasslands",ECOLOGY LETTERS,10.1111/j.1461-0248.2006.00980.x,http://doi.org/10.1111/j.1461-0248.2006.00980.x,NA,NA,NA,NA,NA
GAZP,57,1,2006,"G.G. Barberá, J.A. Navarro-Cano_x0001_, V.M. Castillo",Seedling recruitment in a semi-arid steppe: The role of microsite and post-dispersal seed predation,Journal of Arid Environments,10.1016/j.jaridenv.2006.03.019,https://doi.org/10.1016/j.jaridenv.2006.03.019,NA,NA,NA,NA,NA
GAZP,58,1,2011,"Matt A. Bahm, Thomas G. Barnes, and Kent C. Jensen",Restoring Native Plant Communities in Smooth Brome (Bromus inermis)– Dominated Grasslands,Invasive Plant Science and Management,10.1614/IPSM-D-10-00047.1,https://doi.org/10.1614/IPSM-D-10-00047.1,NA,NA,NA,NA,NA
GAZP,59,1,2015,"Matt A. Bahm, Thomas G. Barnes and Kent C. Jensen",Native Grass Establishment using Journey® Herbicide,Natural Areas,10.3375/043.035.0109,http://www.bioone.org/doi/full/10.3375/043.035.0109,NA,NA,NA,NA,NA
GAZP,60,1,2017,"Barr, S; Jonas, JL; Paschke, MW",Optimizing seed mixture diversity and seeding rates for grassland restoration,RESTORATION ECOLOGY,10.1111/rec.12445,http://doi.org/10.1111/rec.12445,NA,NA,NA,NA,NA
GAZP,61,1,2013,"Christopher M. Herron, Jayne L. Jonas, Paul J. Meiman, Mark W. Paschke",Using native annual plants to restore post-fire habitats in western North America,International Journal of Wildland Fire,NA,http://dx.doi.org/10.1071/WF11179,NA,NA,NA,NA,NA
GAZP,65,1,2011,"Barry Heydenrych, Danny ten Seldam",A preliminary evaluation of native plant establishment by direct seeding at a range of sites on the south coast of Western Australia,Greening Australia,NA,NA,NA,NA,NA,NA,NA
GAZP,66,1,2016,"Stephen E. Fick, Cheryl Decker, Michael C. Duniway, and Mark E. Miller",Small-scale barriers mitigate desertification processes and enhance plant recruitment in a degraded semiarid grassland,Ecosphere,10.1002/ecs2.1354,https://doi.org/10.1002/ecs2.1354,NA,NA,NA,NA,NA
GAZP,67,1,2004,"Bakker, JD; Wilson, SD",Using ecological restoration to constrain biological invasion,JOURNAL OF APPLIED ECOLOGY,10.1111/j.0021-8901.2004.00962.x,http://doi.org/10.1111/j.0021-8901.2004.00962.x,NA,NA,NA,NA,NA
GAZP,67,2,2004,"Wilson, SD; Bakker, JD; Christian, JM; Li, XD; Ambrose, LG; Waddington, J",Semiarid old-field restoration: Is neighbor control needed?,ECOLOGICAL APPLICATIONS,10.1890/02-5296,http://doi.org/10.1890/02-5296,NA,NA,NA,NA,NA
GAZP,68,1,2003,"Jonathan D. Bakker, Scott D. Wilson, Janice M. Christian, Xingdong Li, Laura G. Ambrose, John Waddington","CONTINGENCY OF GRASSLAND RESTORATION ON YEAR, SITE, AND COMPETITION FROM INTRODUCED GRASSES",Ecological Applications,NA,https://doi.org/10.1890/1051-0761(2003)013[0137:COGROY]2.0.CO;2,NA,NA,NA,NA,NA
GAZP,69,1,1995,"Scott D. Wilson, Ann K. Gerry","Strategies for Mixed-Grass Prairie Restoration: Herbicide, Tilling, and Nitrogen Manipulation",Society for Ecological Restoration,NA,https://doi.org/10.1111/j.1526-100X.1995.tb00096.x,NA,NA,NA,NA,NA
GAZP,71,1,2012,"Baasch, A; Kirmer, A; Tischew, S",Nine years of vegetation development in a postmining site: effects of spontaneous and assisted site recovery,JOURNAL OF APPLIED ECOLOGY,10.1111/j.1365-2664.2011.02086.x,http://doi.org/10.1111/j.1365-2664.2011.02086.x,NA,NA,NA,NA,NA
GAZP,72,1,2015,"Merilynn C. Scahntz, Roger L. Sheley, Jeremy J. James",Role of propagule pressure and priority effects on seedlings during invasion and restoration of shrub-steppe,Biol Invasions,10.1007/s10530-014-0705-2,https://doi.org/10.1007/s10530-014-0705-2,NA,NA,NA,NA,NA
GAZP,72,2,2016,"Merilynn C. Schantz, Roger L. Sheley, Jeremy J. James, and Erik P. Hamerlynck",ROLE OF DISPERSAL TIMING AND FREQUENCY IN ANNUAL GRASS–INVADED GREAT BASIN ECOSYSTEMS: HOW MODIFYING SEEDING STRATEGIES INCREASES RESTORATION SUCCESS,Western North American Naturalist,NA,https://doi.org/10.3398/064.076.0106,NA,NA,NA,NA,NA
GAZP,73,1,2018,"Kirmer, A; Rydgren, K; Tischew, S",Smart management is key for successful diversification of field margins in highly productive farmland,AGRICULTURE ECOSYSTEMS & ENVIRONMENT,10.1016/j.agee.2017.09.028,http://doi.org/10.1016/j.agee.2017.09.028,NA,NA,NA,NA,NA
GAZP,74,1,2010,"Monica L. Pokorny, Jane M. Mangold, James Hafer, and M. Kirk Denny",Managing Spotted Knapweed (Centaurea stoebe)–Infested Rangeland after Wildfire,Invasive Plant Science and Management,10.1614/IPSM-09-023.1,https://doi.org/10.1614/IPSM-09-023.1,NA,NA,NA,NA,NA
GAZP,75,1,2017,"Katharine L. Stuble, Stephen E. Fick and Truman P. Young",Every restoration is unique: testing year effects and site effects as drivers of initial restoration trajectories,Journal of Applied Ecology,10.1111/1365-2664.12861,https://doi.org/10.1111/1365-2664.12861,NA,NA,NA,NA,NA
GAZP,76,1,2009,Monica l. Pokorny,Converting Pasture Land to Native-Plant-Dominated Grassland: A Case Study (Montana),Ecological REstoRation,NA,https://www.jstor.org/stable/43441287,NA,NA,NA,NA,NA
GAZP,77,1,2007,Darin J. Law and Peter F. Kolb,"The Effects of Forest Residual Debris Disposal on Perennial Grass Emergence, Growth, and Survival in a Ponderosa Pine Ecotone",Rangeland Ecol Manag,NA,https://www.jstor.org/stable/4540871,NA,NA,NA,NA,NA
GAZP,79,1,2016,"Orsolya Valkó, Balázs Deák, Péter Török, Anita Kirmer, Sabine Tischew, András Kelemen, Katalin Tóth, Tamás Miglécz, Szilvia Radócz, Judit Sonkoly, Edina Tóth, Réka Kiss, István Kapocsi & Béla Tóthmérész",High-diversity sowing in establishment gaps: a promising new tool for enhancing grassland biodiversity,Tuexenia,10.14471/2016.36.020,http://dx.doi.org/10.14471/2016.36.020,NA,NA,NA,NA,NA
GAZP,80,1,2015,"Miglécz, T., Valkó, O., Török, P., Deák, B., Kelemen, A., Donkó, Á., Drexler, D., Tóthmérész, B.",Establishment of three cover crop mixtures in vineyards,Scientia Horticulturae,10.1016/j.scienta.2015.09.017,https://doi.org/10.1016/j.scienta.2015.09.017,NA,NA,NA,NA,NA
GAZP,83,1,2002,"Arlee M. Montalvo, Paul A. McMillan, Edith B. Allen","The Relative Importance of Seeding Method, Soil Ripping, and Soil Variables on Seeding Success",Restoration Ecology,NA,https://doi.org/10.1046/j.1526-100X.2002.10106.x,NA,NA,NA,NA,NA
GAZP,84,1,2004,Carla M. Burton and Philip J. Burton,Long-Term Effects of Seeding Densities and Fertilization Treatments Using Seed from Herbaceous Species Native to the Northern Interior of British Columbia,Society for Ecological Restoration,NA,NA,NA,NA,NA,NA,NA
GAZP,84,2,2006,"Carla M. Burton, Philip J. Burton, Richard Hebda,5 and Nancy J. Turner",Determining the Optimal Sowing Density for a Mixture of Native Plants Used to Revegetate Degraded Ecosystems,Restoration Ecology,NA,https://doi.org/10.1111/j.1526-100X.2006.00146.x,NA,NA,NA,NA,NA
GAZP,85,1,2015,"J.A. Drake, A. Carrucan, W.R. Jackson, T.R. Cavagnaro, A.F. Patti",Biochar application during reforestation alters species present and soil chemistry,Science of the Total Environment,NA,http://dx.doi.org/10.1016/j.scitotenv.2015.02.012,NA,NA,NA,NA,NA
GAZP,86,1,2016,"Henriette John, Sandra Dullau, Annett Baasch, Sabine Tischew",Re-introduction of target species into degraded lowland haymeadows: How to manage the crucial first year?,Ecological Engineering,NA,http://dx.doi.org/10.1016/j.ecoleng.2015.11.001,NA,NA,NA,NA,NA
GAZP,87,1,2015,"Julie E. Larson, Roger L. Sheley, Stuart P. Hardegree, Paul S. Doescher and Jeremy J. James",Seed and seedling traits affecting critical life stage transitions and recruitment outcomes in dryland grasses,Journal of Applied Ecology,10.1111/1365-2664.12350,https://doi.org/10.1111/1365-2664.12350,NA,NA,NA,NA,NA
GAZP,88,1,NA,Dr. Tom Monaco,Effectiveness of low soil-disturbance treatments for improving native plant establishment in stable crested wheatgrass stands,Ecology & Management,NA,NA,NA,NA,NA,NA,NA
GAZP,89,1,2018,"Monaco, TA; Jones, A; Pendergast, M; Thacker, ET; Greenhalgh, L",Influence of Land-Use Legacies Following Shrub Reduction and Seeding of Big Sagebrush Sites,RANGELAND ECOLOGY & MANAGEMENT,10.1016/j.rama.2018.06.004,http://doi.org/10.1016/j.rama.2018.06.004,NA,NA,NA,NA,NA
GAZP,92,1,2021,"Kevin Z. Mganga, Eric Kaindi, Aphaxard J.N. Ndathi, Luwieke Bosma, Theophilus Kioko, Nancy Kadenyi, Stephen M. Wambua, Frank van Steenbergen, Nashon K.R. Musimba",Morphoecological characteristics of grasses used to restore degraded semi-arid African rangelands,Ecological Solutions and Evidence,10.1002/2688-8319.12078,https://doi.org/10.1002/2688-8319.12078,NA,NA,"Mganga, Kevin et al. (2020), Morphoecological characteristics of grasses used to restore degraded semi-arid African rangelands, Dryad, Dataset, https://doi.org/10.5061/dryad.sxksn031p",CC0,CC0
GAZP,93,1,2014,"Aninta Kirmer, Sabine Tischew",CONVERSION OF ARABLE LAND TO LOWLAND HAY MEADOWS – WHAT INFLUENCES RESTORATION SUCCESS?,NA,NA,NA,NA,NA,NA,NA,NA
GAZP,94,1,2016,"Anita Kirmer, Mark Pfau, Sandra Mann, Matthias Schrödter und Sabine Tischew",Successful establishment of perennial flower strips on productive sites by sowing wildflower-rich seed mixtures and engaging in site-specific management,Verlag W. Kohlhammer,10.17433/3.2016.50153383.109-118,NA,NA,NA,NA,NA,NA
GAZP,96,1,2021,"Magda garbowski, Daniella B. Johnston, Dirk V. Baker, Cynthis S. Brown",Invasive annual grass interacts with drought to influence plant communities and soil moisture in dryland restoration,Ecosphere,10.1002/ecs2.3417,https://doi.org/10.1002/ecs2.3417,NA,NA,NA,NA,NA
GRP,1,1,2012,"Carter, DL; Blair, JM",High richness and dense seeding enhance grassland restoration establishment but have little effect on drought response,ECOLOGICAL APPLICATIONS,10.1890/11-1970.1,http://doi.org/10.1890/11-1970.1,NA,01.10.19,"Carter, Daniel L.; M. Blair, John (2016): High richness and dense seeding enhance grassland restoration establishment but have little effect on drought response. Wiley. Collection. https://doi.org/10.6084/m9.figshare.c.3295451.v1",CC0,CC0
GRP,2,1,2020,"Rydgren, K; Auestad, I; Halvorsen, R; Hamre, LN; Jongejans, E; Topper, JP; Sulavik, J",Assessing restoration success by predicting time to recovery-But by which metric?,JOURNAL OF APPLIED ECOLOGY,10.1111/1365-2664.13526,http://doi.org/10.1111/1365-2664.13526,NA,02.18.2020,"Rydgren, Knut et al. (2019), Data from: Assessing restoration success by predicting time to recovery – but by which metric?, v3, Dryad, Dataset, https://doi.org/10.5061/dryad.hdr7sqvcr",CC0,CC0
GRP,2,1,2011,"Rydgren, K; Halvorsen, R; Odland, A; Skjerdal, G",Restoration of alpine spoil heaps: Successional rates predict vegetation recovery in 50 years,ECOLOGICAL ENGINEERING,10.1016/j.ecoleng.2010.11.022,http://doi.org/10.1016/j.ecoleng.2010.11.022,NA,02.18.2020,"Rydgren, Knut et al. (2019), Data from: Assessing restoration success by predicting time to recovery – but by which metric?, v3, Dryad, Dataset, https://doi.org/10.5061/dryad.hdr7sqvcr",CC0,CC0
GRP,3,1,2019,"Barber, NA; Farrell, AK; Blackburn, RC; Bauer, JT; Groves, AM; Brudvig, LA; Jones, HP",Grassland restoration characteristics influence phylogenetic and taxonomic structure of plant communities and suggest assembly mechanisms,JOURNAL OF ECOLOGY,10.1111/1365-2745.13250,http://doi.org/10.1111/1365-2745.13250,NA,01.15.2019,"Barber, Nicholas A. et al. (2019), Data from: Grassland restoration characteristics influence phylogenetic and taxonomic structure of plant communities and suggest assembly mechanisms, v2, Dryad, Dataset, https://doi.org/10.5061/dryad.dg5fd33",CC0,CC0
GRP,3,1,2020,"Anna M. Groves, Jonathan T. Bauer & Lars A. Brudvig ",Lasting signature of planting year weather on restored grasslands,Scientific Reports,10.1038/s41598-020-62123-7,https://doi.org/10.1038/s41598-020-62123-7,NA,08.03.20,"Groves, Anna; Bauer, Jonathan; Brudvig, Lars (2020), Lasting signature of planting year weather on restored grasslands, v2, Dryad, Dataset, https://doi.org/10.5061/dryad.6q573n5vt",CC0,CC0
GRP,4,1,2019,"Garrouj, M; Alard, D; Corcket, E; Marchand, L; Benot, ML",The effects of management on vegetation trajectories during the early-stage restoration of previously arable land after hay transfer,ECOLOGY AND EVOLUTION,10.1002/ece3.5798,http://doi.org/10.1002/ece3.5798,NA,02.20.2020,"Garrouj, Myriam et al. (2020), The effects of management on vegetation trajectories during the early‐stage restoration of previously arable land after hay transfer, v3, Dryad, Dataset, https://doi.org/10.5061/dryad.crjdfn30r",CC0,CC0
GRP,5,1,2019,"Chang, CC; Halpern, CB; Antos, JA; Avolio, ML; Biswas, A; Cook, JE; del Moral, R; Fischer, DG; Holz, A; Pabst, RJ; Swanson, ME; Zobel, DB",Testing conceptual models of early plant succession across a disturbance gradient,JOURNAL OF ECOLOGY,10.1111/1365-2745.13120,http://doi.org/10.1111/1365-2745.13120,NA,02.17.2020,"del Moral, Roger. ""Thirty Years of Permanent Vegetation Plots, Mount St. Helens, Washington, Usa: Ecological Archives E091‐152."" Ecology, v. 91,.7 pp. 2185. doi: 10.1890/09-2357.1",CC-BY,CC-BY
GRP,5,1,2010,Roger del Moral,"Thirty years of permanent vegetation plots, Mount St. Helens, Washington, USA: Ecological Archives E091-152",Biodiversity & Ecology,10.1890/09-2357.1,https://www.researchgate.net/publication/240777594,NA,02.17.2020,"del Moral, Roger. ""Thirty Years of Permanent Vegetation Plots, Mount St. Helens, Washington, Usa: Ecological Archives E091‐152."" Ecology, v. 91,.7 pp. 2185. doi: 10.1890/09-2357.1",CC-BY,CC-BY
GRP,6,1,2017,"Khalil, MI; Gibson, DJ; Baer, SG",Phylogenetic diversity reveals hidden patterns related to population source and species pools during restoration,JOURNAL OF APPLIED ECOLOGY,10.1111/1365-2664.12743,http://doi.org/10.1111/1365-2664.12743,NA,02.18.2020,"Khalil, Mohammed I.; Gibson, David J.; Baer, Sara G. (2017), Data from: Phylogenetic diversity reveals hidden patterns related to population source and species pools during restoration, Dryad, Dataset, https://doi.org/10.5061/dryad.122j7",CC0,CC0
GRP,7,1,1999,"Edward L. Webb, Rodolfo Peralta","Tree community diversity of lowland swamp forest in Northeast Costa Rica, and changes associated with controlled selective logging",Biodiversity and Conservation,NA,https://doi.org/10.1023/A:1008892016370,NA,NA,NA,NA,NA
GRP,8,1,2016,"Baer, SG; Blair, JM; Collins, SL",Environmental heterogeneity has a weak effect on diversity during community assembly in tallgrass prairie,ECOLOGICAL MONOGRAPHS,10.1890/15-0888.1,http://doi.org/10.1890/15-0888.1,NA,01.15.2020,"Baer, Sara G.; Blair, John M.; Collins, Scott L. (2015), Data from: Environmental heterogeneity has a weak effect on diversity during community assembly in tallgrass prairie, Dryad, Dataset, https://doi.org/10.5061/dryad.c2v92",CC0,CC0
GRP,9,1,2018,"Flint, SA; Jordan, NR; Shaw, RG",Plant community response to switchgrass (Panicum virgatum) population source in establishing prairies,ECOLOGICAL APPLICATIONS,10.1002/eap.1772,http://doi.org/10.1002/eap.1772,NA,02.24.2020,"Flint, Shelby A.; Jordan, Nicholas R.; Shaw, Ruth G. (2018), Data from: Plant community response to switchgrass (Panicum virgatum) population source in establishing prairies, Dryad, Dataset, https://doi.org/10.5061/dryad.q08mn53",CC0,CC0
GRP,10,2,2017,"Zirbel, CR; Bassett, T; Grman, E; Brudvig, LA",Plant functional traits and environmental conditions shape community assembly and ecosystem functioning during restoration,JOURNAL OF APPLIED ECOLOGY,10.1111/1365-2664.12885,http://doi.org/10.1111/1365-2664.12885,NA,01.15.2020,"Zirbel, Chad R.; Basset, Tyler; Grman, Emily; A. Brudvig, Lars; Zirbel, Chad (2017): Data from: Plant functional traits and environmental conditions shape community assembly and ecosystem functioning during restoration. Dryad. Collection. https://doi.org/10.5061/dryad.2175q",CC0,CC0
GRP,10,1,2015,"Grman, E; Bassett, T; Zirbel, CR; Brudvig, LA",Dispersal and establishment filters influence the assembly of restored prairie plant communities,RESTORATION ECOLOGY,10.1111/rec.12271,http://doi.org/10.1111/rec.12271,NA,01.15.2020,NA,NA,NA
GRP,11,1,2015,"Erika C. Brandt, John E. Petersen, Jake J. Grossman, George A. Allen, David H. Benzing",Relationships between Spatial Metrics and Plant Diversity in Constructed Freshwater Wetlands,PLOS ONE,10.1371/journal.pone.0135917,https://www.ncbi.nlm.nih.gov/pmc/articles/PMC4546644/,NA,02.25.2020,"Brandt, Erika C. et al. (2015), Data from: Relationships between spatial metrics and plant diversity in constructed freshwater wetlands, Dryad, Dataset, https://doi.org/10.5061/dryad.r95dh",CC0,CC0
GRP,12,1,2019,"Hall, SJG; Bunce, RGH",The use of cattle Bos taurus for restoring and maintaining holarctic landscapes: Conclusions from a long-term study (1946-2017) in northern England,ECOLOGY AND EVOLUTION,10.1002/ece3.5169,http://doi.org/10.1002/ece3.5169,NA,02.24.2020,"Hall, Stephen J. G.; Bunce, Robert G. H. (2019), Data from: The use of cattle Bos taurus for restoring and maintaining holarctic landscapes: conclusions from a long-term study (1946-2017) in northern England, Dryad, Dataset, https://doi.org/10.5061/dryad.2gm8348",CC0,CC0
GRP,13,1,2016,"Kenny Helsen, Martin Hermy and Oliver Honnay",A test of priority effect persistence in semi‑natural grasslands through the removal of plant functional groups during community assembly,BMC Ecology,10.1186/s12898-016-0077-9,https://bmcecol.biomedcentral.com/articles/10.1186/s12898-016-0077-9,NA,02.24.2020,"Helsen, Kenny; Hermy, Martin; Honnay, Olivier (2017), Data from: A test of priority effect persistence in semi-natural grasslands through the removal of plant functional groups during community assembly, Dryad, Dataset, https://doi.org/10.5061/dryad.7s5s4",CC0,CC0
GRP,14,1,2016,"Livingston, AC; Varner, JM; Jules, ES; Kane, JM; Arguello, LA",Prescribed fire and conifer removal promote positive understorey vegetation responses in oak woodlands,JOURNAL OF APPLIED ECOLOGY,10.1111/1365-2664.12703,http://doi.org/10.1111/1365-2664.12703,NA,02.25.2020,"Livingston, Amy C. et al. (2017), Data from: Prescribed fire and conifer removal promote positive understorey vegetation responses in oak woodlands, Dryad, Dataset, https://doi.org/10.5061/dryad.4s209",CC0,CC0
GRP,15,1,2006,Katherine Nash Suding and Katherine L. Gross,MODIFYING NATIVE AND EXOTIC SPECIES RICHNESS CORRELATIONS: THE INFLUENCE OF FIRE AND SEED ADDITION,Ecological Applications,NA,https://doi.org/10.1890/1051-0761(2006)016[1319:MNAESR]2.0.CO;2,NA,01.15.2020,NA,NA,NA
GRP,16,1,2017,"Tara J. Zamin, Alex Jolly, Steve Sinclair, John W. Morgan, Joslin L. Moore",Enhancing plant diversity in a novel grassland using seed addition,Journal of Applied Ecology,10.1111/1365-2664.12963,https://doi.org/10.1111/1365-2664.12963,NA,01.15.2020,"Zamin, Tara J. et al. (2018), Data from: Enhancing plant diversity in a novel grassland using seed addition, Dryad, Dataset, https://doi.org/10.5061/dryad.3913b",CC0,CC0
GRP,17,1,2020,"Zirbel, CR; Brudvig, LA",Trait-environment interactions affect plant establishment success during restoration,ECOLOGY,10.1002/ecy.2971,http://doi.org/10.1002/ecy.2971,NA,02.17.2020,"Zirbel, Chad; Brudvig, Lars (2020), Data from: Trait-environment interactions affect plant establishment success during restoration, v3, Dryad, Dataset, https://doi.org/10.5061/dryad.bnzs7h46q",CC0,CC0
GRP,18,1,2015,"Myers, MC; Mason, JT; Hoksch, BJ; Cambardella, CA; Pfrimmer, JD","Birds and butterflies respond to soil-induced habitat heterogeneity in experimental plantings of tallgrass prairie species managed as agroenergy crops in Iowa, USA",JOURNAL OF APPLIED ECOLOGY,10.1111/1365-2664.12503,http://doi.org/10.1111/1365-2664.12503,NA,02.15.2020,"Myers, Mark C. et al. (2016), Data from: Birds and butterflies respond to soil-induced habitat heterogeneity in experimental plantings of tallgrass prairie species managed as agroenergy crops in Iowa, USA, Dryad, Dataset, https://doi.org/10.5061/dryad.4ft7n",CC0,CC0
GRP,19,3,2007,"Jongepierova, I; Mitchley, J; Tzanopoulos, J",A field experiment to recreate species rich hay meadows using regional seed mixtures,BIOLOGICAL CONSERVATION,10.1016/j.biocon.2007.07.026,http://doi.org/10.1016/j.biocon.2007.07.026,NA,NA,NA,NA,NA
GRP,19,1,2014,"Karel Prach, Ivana Jongepierová, Klára Rehounková, Karel Fajmon",Restoration of grasslands on ex-arable land using regional and commercial seed mixtures and spontaneous succession: Successional trajectories and changes in species richness,"Agriculture, Ecosystems and Environment",NA,http://dx.doi.org/10.1016/j.agee.2013.06.003,NA,NA,NA,NA,NA
GRP,19,2,2012,"Karel Prach, Ivana Jongepierova,  Klara Rehounkova",Large-Scale Restoration of Dry Grasslands on Ex-Arable Land Using a Regional Seed Mixture: Establishment of Target Species,Restoration Ecology,10.1111/j.1526-100X.2012.00872.x,https://doi.org/10.1111/j.1526-100X.2012.00872.x,NA,NA,NA,NA,NA
GRP,20,1,2017,"Barbara C. Schmid, Peter Poschlod, Honor C. Prentice",The contribution of successional grasslands to the conservation of semi-natural grasslands species – A landscape perspective,Biological Conservation,NA,http://dx.doi.org/10.1016/j.biocon.2016.12.002.,NA,02.24.2020,"Schmid, Barbara C. et al. (2019), Data from: The contribution of successional grasslands to the conservation of semi-natural grasslands species – A landscape perspective, v2, Dryad, Dataset, https://doi.org/10.5061/dryad.8gtht76jx",CC0,CC0
GRP,21,1,2019,"Adam Thomas Clark, Johannes M. H. Knops, Dave Tilman",Contingent factors explain average divergence in functional composition over 88 years of old field succession,Journal of Ecology,10.1111/1365-2745.13070,https://doi.org/10.1111/1365-2745.13070,NA,NA,NA,NA,NA
GRP,22,1,2016,Bryan Foster,"Long-term studies of secondary succession and community assembly in the prairie-forest ecotone of eastern Kansas, Hay meadow restoration experiment",NA,NA,NA,NA,01.15.2020,"Foster B. 2016. Long-term studies of secondary succession and community assembly in the prairie-forest ecotone of eastern Kansas, Old-field succession experiment. Environmental Data Initiative. https://doi.org/10.6073/pasta/a30d5b90676008cfb7987f31b4343a35. Dataset accessed 3/25/2020.",NA,NA
GRP,23,1,2015,Pablo Becerra,The effect of climate and vegetation on recruitment of woody species in central Chile,NA,NA,NA,NA,NA,NA,NA,NA
GRP,24,1,2017,"Emma Ladouceur, Margaret M. Mayfield",The early response of subtropical tussock grasslands to restoration treatments,Restoration Ecology,10.1111/rec.12491,https://doi.org/10.1111/rec.12491,NA,NA,NA,NA,NA
GRP,25,1,2017,"Young, TP; Stuble, KL; Balachowski, JA; Werner, CM",Using priority effects to manipulate competitive relationships in restoration,RESTORATION ECOLOGY,10.1111/rec.12384,http://doi.org/10.1111/rec.12384,NA,01.15.2020,NA,NA,NA
GRP,25,2,2017,"Stuble, KL; Zefferman, EP; Wolf, KM; Vaughn, KJ; Young, TP",Outside the envelope: rare events disrupt the relationship between climate factors and species interactions,ECOLOGY,10.1002/ecy.1820,http://doi.org/10.1002/ecy.1820,NA,01.15.2020,NA,NA,NA
GRP,26,1,2010,"Torok, P; Deak, B; Vida, E; Valko, O; Lengyel, S; Tothmeresz, B",Restoring grassland biodiversity: Sowing low-diversity seed mixtures can lead to rapid favourable changes,BIOLOGICAL CONSERVATION,10.1016/j.biocon.2009.12.024,http://doi.org/10.1016/j.biocon.2009.12.024,NA,NA,NA,NA,NA
GRP,27,1,2016,"Manuel E. Lucas-Borja, Javier Madrigal, David Candel-Pérez, Enrique Jiménez, Daniel Moya, Jorge de las Heras, Mercedes Guijarro, José Antonio Vega, Cristina Fernández, Carmen Hernando","Effects of prescribed burning, vegetation treatment and seed predation on natural regeneration of Spanish black pine (Pinus nigra Arn. ssp. salzmannii) in pure and mixed forest stands",Forest Ecology and Management,10.1016/j.foreco.2016.07.019,http://dx.doi.org/10.1016/j.foreco.2016.07.019,NA,NA,NA,NA,NA
GRP,28,1,2019,"Paul A. Schmalzer, Tammy E. Foster",Restoration of Florida scrub vegetation in an old field through 23 years after planting,Restoration Ecology,10.1111/rec.12864,https://onlinelibrary.wiley.com/doi/full/10.1111/rec.12864,NA,01.15.2020,NA,NA,NA
GRP,29,1,2017,"Barber, NA; Jones, HP; Duvall, MR; Wysocki, WP; Hansen, MJ; Gibson, DJ",Phylogenetic diversity is maintained despite richness losses over time in restored tallgrass prairie plant communities,JOURNAL OF APPLIED ECOLOGY,10.1111/1365-2664.12639,http://doi.org/10.1111/1365-2664.12639,NA,03.30.2020,"Barber, Nicholas A. et al. (2017), Data from: Phylogenetic diversity is maintained despite richness losses over time in restored tallgrass prairie plant communities, Dryad, Dataset, https://doi.org/10.5061/dryad.5m30d",CC0,CC0
GRP,29,2,2014,"Hansen, MJ; Gibson, DJ",Use of multiple criteria in an ecological assessment of a prairie restoration chronosequence,APPLIED VEGETATION SCIENCE,10.1111/avsc.12051,http://doi.org/10.1111/avsc.12051,NA,NA,NA,NA,NA
GRP,30,1,2016,"Bourgeois, B; Vanasse, A; Gonzalez, E; Andersen, R; Poulin, M",Threshold dynamics in plant succession after tree planting in agricultural riparian zones,JOURNAL OF APPLIED ECOLOGY,10.1111/1365-2664.12675,http://doi.org/10.1111/1365-2664.12675,NA,03.30.2020,"Bourgeois, Bérenger et al. (2016), Data from: Threshold dynamics in plant succession after tree planting in agricultural riparian zones, Dryad, Dataset, https://doi.org/10.5061/dryad.b46k4",CC0,CC0
GRP,31,1,2018,"Chen, HYH; Biswas, SR; Sobey, TM; Brassard, BW; Bartels, SF",Reclamation strategies for mined forest soils and overstorey drive understorey vegetation,JOURNAL OF APPLIED ECOLOGY,10.1111/1365-2664.13018,http://doi.org/10.1111/1365-2664.13018,NA,03.30.2020,"Chen, Han Y. H. et al. (2018), Data from: Reclamation strategies for mined forest soils and overstorey drive understorey vegetation, Dryad, Dataset, https://doi.org/10.5061/dryad.c49m0",CC0,CC0
GRP,32,1,2017,"Douda, J; Boublik, K; Doudova, J; Kyncl, M",Traditional forest management practices stop forest succession and bring back rare plant species,JOURNAL OF APPLIED ECOLOGY,10.1111/1365-2664.12801,http://doi.org/10.1111/1365-2664.12801,NA,03.30.2020,"Douda, Jan; Boublík, Karel; Doudová, Jana; Kyncl, Michal (2016), Data from: Traditional forest management practices stop forest succession and bring back rare plant species, Dryad, Dataset, https://doi.org/10.5061/dryad.kr6hg",CC0,CC0
GRP,33,1,2018,"Zimmerman, CL; Shirer, RR; Corbin, JD",Native Plant Recovery following Three Years of Common Reed (Phragmites australis) Control,INVASIVE PLANT SCIENCE AND MANAGEMENT,10.1017/inp.2018.24,http://doi.org/10.1017/inp.2018.24,NA,03.27.2021,"Zimmerman, Christopher L.; Shirer, Rebecca R.; Corbin, Jeffrey D. (2018), Data from: Native plant recovery following three years of common reed (Phragmites australis) control, Dryad, Dataset, https://doi.org/10.5061/dryad.63227hg",CC0,CC0
GRP,34,1,2015,"Fournier, B; Gillet, F; Le Bayon, RC; Mitchell, EAD; Moretti, M",Functional responses of multitaxa communities to disturbance and stress gradients in a restored floodplain,JOURNAL OF APPLIED ECOLOGY,10.1111/1365-2664.12493,http://doi.org/10.1111/1365-2664.12493,NA,03.30.2020,"Fournier, Bertrand et al. (2015), Data from: Functional responses of multi-taxa communities to disturbance and stress gradients in a restored floodplain, Dryad, Dataset, https://doi.org/10.5061/dryad.cb312",CC0,CC0
GRP,35,1,2019,"Fraaije, RGA; Poupin, C; Verhoeven, JTA; Soons, MB",Functional responses of aquatic and riparian vegetation to hydrogeomorphic restoration of channelized lowland streams and their valleys,JOURNAL OF APPLIED ECOLOGY,10.1111/1365-2664.13326,http://doi.org/10.1111/1365-2664.13326,NA,03.27.2020,"Fraaije, Rob G.A. et al. (2018), Data from: Functional responses of aquatic and riparian vegetation to hydrogeomorphic restoration of channelized lowland streams and their valleys, Dryad, Dataset, https://doi.org/10.5061/dryad.5874v7h",CC0,CC0
GRP,36,1,2016,"Gallagher, MK; Wagenius, S",Seed source impacts germination and early establishment of dominant grasses in prairie restorations,JOURNAL OF APPLIED ECOLOGY,10.1111/1365-2664.12564,http://doi.org/10.1111/1365-2664.12564,NA,03.30.2020,"Gallagher, M. Kate; Wagenius, Stuart (2016), Data from: Seed source impacts germination and early establishment of dominant grasses in prairie restorations, Dryad, Dataset, https://doi.org/10.5061/dryad.r7g8q",CC0,CC0
GRP,37,1,2019,"Halpern, CB; Antos, JA; Kothari, S; Olson, AM",Past tree influence and prescribed fire exert strong controls on reassembly of mountain grasslands after tree removal,ECOLOGICAL APPLICATIONS,10.1002/eap.1860,http://doi.org/10.1002/eap.1860,NA,03.27.2020,"Halpern, Charles B.; Antos, Joseph A.; Kothari, Shan; Olson, Annette M. (2019), Data from: Past tree influence and prescribed fire exert strong controls on reassembly of mountain grasslands after tree removal, Dryad, Dataset, https://doi.org/10.5061/dryad.v5f76v4",CC0,CC0
GRP,38,1,2018,"Jamsranjav, C; Reid, RS; Fernandez-Gimenez, ME; Tsevlee, A; Yadamsuren, B; Heiner, M",Applying a dryland degradation framework for rangelands: the case of Mongolia,ECOLOGICAL APPLICATIONS,10.1002/eap.1684,http://doi.org/10.1002/eap.1684,NA,03.30.2020,"Jamsranjav, Chantsallkham et al. (2017), Data from: Applying a dryland degradation framework for rangelands: the case of Mongolia, Dryad, Dataset, https://doi.org/10.5061/dryad.3ch50",CC0,CC0
GRP,39,1,2018,"Li, LP; Cadotte, MW; Martinez-Garza, C; de la Pena-Domene, M; Du, GZ",Planting accelerates restoration of tropical forest but assembly mechanisms appear insensitive to initial composition,JOURNAL OF APPLIED ECOLOGY,10.1111/1365-2664.12976,http://doi.org/10.1111/1365-2664.12976,NA,03.30.2020,"Li, Lanping et al. (2018), Data from: Plantings accelerate restoration of tropical forest but assembly mechanisms appear insensitive to initial composition, Dryad, Dataset, https://doi.org/10.5061/dryad.sh0v5",CC0,CC0
GRP,40,1,2019,"Lishawa, SC; Lawrence, BA; Albert, DA; Larkin, DJ; Tuchman, NC",Invasive species removal increases species and phylogenetic diversity of wetland plant communities,ECOLOGY AND EVOLUTION,10.1002/ece3.5188,http://doi.org/10.1002/ece3.5188,NA,03.27.2020,"Lishawa, Shane C. et al. (2019), Data from: Invasive species removal increases species and phylogenetic diversity of wetland plant communities, Dryad, Dataset, https://doi.org/10.5061/dryad.32h05c2",CC0,CC0
GRP,41,1,2017,"Matos, FAR; Magnago, LFS; Gastauer, M; Carreiras, JMB; Simonelli, M; Meira-Neto, JAA; Edwards, DP",Effects of landscape configuration and composition on phylogenetic diversity of trees in a highly fragmented tropical forest,JOURNAL OF ECOLOGY,10.1111/1365-2745.12661,http://doi.org/10.1111/1365-2745.12661,NA,03.30.2020,"Matos, Fabio Antonio R. et al. (2017), Data from: Effects of landscape configuration and composition on phylogenetic diversity of trees in a highly fragmented tropical forest, Dryad, Dataset, https://doi.org/10.5061/dryad.fq988",CC0,CC0
GRP,42,1,2017,"Tonietto, RK; Ascher, JS; Larkin, DJ","Bee communities along a prairie restoration chronosequence: similar abundance and diversity, distinct composition",ECOLOGICAL APPLICATIONS,10.1002/eap.1481,http://doi.org/10.1002/eap.1481,NA,03.30.2020,"Tonietto, Rebecca K.; Ascher, John S.; Larkin, Daniel J. (2016), Data from: Bee communities along a prairie restoration chronosequence: similar abundance and diversity, distinct composition, Dryad, Dataset, https://doi.org/10.5061/dryad.34n83",CC0,CC0
GRP,43,1,2019,"van Breugel, M; Craven, D; Lai, HR; Baillon, M; Turner, BL; Hall, JS",Soil nutrients and dispersal limitation shape compositional variation in secondary tropical forests across multiple scales,JOURNAL OF ECOLOGY,10.1111/1365-2745.13126,http://doi.org/10.1111/1365-2745.13126,NA,03.27.2020,"van Breugel, Michiel et al. (2018), Data from: Soil nutrients and dispersal limitation shape compositional variation in secondary tropical forests across multiple scales, Dryad, Dataset, https://doi.org/10.5061/dryad.4t46jj6",CC0,CC0
GRP,44,1,2016,Bryan  Foster," Long-term studies of secondary succession and community assembly in the prairie-forest ecotone of eastern Kansas, Old-field succession experiment",NA,NA,NA,NA,01.15.2020,"Foster B. 2016. Long-term studies of secondary succession and community assembly in the prairie-forest ecotone of eastern Kansas, Old-field succession experiment. Environmental Data Initiative. https://doi.org/10.6073/pasta/a30d5b90676008cfb7987f31b4343a35. Dataset accessed 4/09/2020.",NA,NA
GRP,45,1,2017,"Barak, RS; Williams, EW; Hipp, AL; Bowles, ML; Carr, GM; Sherman, R; Larkin, DJ",Restored tallgrass prairies have reduced phylogenetic diversity compared with remnants,JOURNAL OF APPLIED ECOLOGY,10.1111/1365-2664.12881,http://doi.org/10.1111/1365-2664.12881,NA,01.15.2020,"Barak, Rebecca S. et al. (2018), Data from: Restored tallgrass prairies have reduced phylogenetic diversity compared with remnants, Dryad, Dataset, https://doi.org/10.5061/dryad.90124",CC0,CC0
GRP,46,1,2017,"Timo Conradi, Vicky M. Temperton and Johannes Kollmann",Resource availability determines the importance of niche-based versus stochastic community assembly in grasslands,Oikos,NA,https://onlinelibrary.wiley.com/doi/full/10.1111/oik.03969,NA,01.15.2021,"Conradi, Timo; Temperton, Vicky M.; Kollmann, Johannes (2017), Data from: Resource availability determines the importance of niche-based vs. stochastic community assembly in grasslands, Dryad, Dataset, https://doi.org/10.5061/dryad.34d3n",CC0,CC0
GRP,47,1,2018,"Gregory Sonnier,  Patrick Bohlen, Hilary Swain, Steve Orzell, Edwin Bridges, Elizabeth Boughton, Gabriel Kamener","A case study of the effects of wetland restoration on the hydrology, species diversity, species composition and floristic quality of restored wetlands within a Central Florida ranchland, 2003 - ongoing.",NA,10.6073/pasta/b745934d136ce9ca8de26c5063eee86a,NA,NA,01.15.2022,"Sonnier, G., P.J. Bohlen, H.M. Swain, S.L. Orzell, E.L. Bridges, and E.H. Boughton. 2018. A case study of the effects of wetland restoration on the hydrology, species diversity, species composition and floristic quality of restored wetlands within a Central Florida ranchland, 2003 - ongoing. ver 1. Environmental Data Initiative. https://doi.org/10.6073/pasta/b745934d136ce9ca8de26c5063eee86a. Accessed 2020-04-10.",CC0,CC0
GRP,48,1,2004,"Robert Buchsbaum, John Catena, Eric Hutchins",Plant species percent cover in quadrats along vegetation transects at the Argilla Rd. salt marsh restoration site (Ipswich) and Rough Meadows reference marsh (Rowley – Stackyard Road area).,NA,NA, http://ecosystems.mbl.edu/PIE/data/LTE/LTE-EX-ARGILLA-RM-VEGQUADS.html,NA,01.15.2023,NA,NA,NA
GRP,49,1,2016,"Johnson, LR; Handel, SN",Restoration treatments in urban park forests drive long-term changes in vegetation trajectories,ECOLOGICAL APPLICATIONS,10.1890/14-2063,http://doi.org/10.1890/14-2063,NA,06.01.20,University of Maryland and L. Johnson. 2016. Data for L.R. Johnson and S.N. Handel - Restoration treatments in urban park forests drive long-term changes in vegetation trajectories - Ecological Applications doi:10.1890/14-2063.1 ver 150. Environmental Data Initiative. https://doi.org/10.6073/pasta/96ac7ad2d051559fdd8d977a7f45a881 (Accessed 2020-06-01).,NA,NA
GRP,52,1,2001,DAVID W. PETERSON AND PETER B. REICH,PRESCRIBED FIRE IN OAK SAVANNA: FIRE FREQUENCY EFFECTS ON STAND STRUCTURE AND DYNAMICS,Ecological Applications,10.1890/1051-0761(2001)011[0914:PFIOSF]2.0.CO;2,https://doi.org/10.1890/1051-0761(2001)011[0914:PFIOSF]2.0.CO;2,NA,05.06.20,"Reich, P. 2018. Plant density: Effect of Burning Patterns on Vegetation in the Fish Lake Burn Compartments ver 8. Environmental Data Initiative. https://doi.org/10.6073/pasta/fe139acf2f45e75fcbe684284952d93b (Accessed 2020-08-10).",CC BY,CC BY
GRP,54,1,2012,"LAUREN M. HALLETT, JOANNA S. HSU, ELSA E. CLELAND, SCOTT L. COLLINS, TIMOTHY L. DICKSON, EMILY C. FARRER, LAUREANO A. GHERARDI, KATHERINE L. GROSS, RICHARD J. HOBBS, LAURA TURNBULL, AND KATHARINE N. SUDING",Biotic mechanisms of community stability shift along a precipitation gradient,Ecology,10.1890/13-0895.1,http://dx.doi.org/10.1890/13-0895.1,NA,03.06.20,"Hallett, L., J. Hsu, E. Cleland, S. Collins, T. Diskson, E. Farrer, L. Gherardi, K. Gross, R. Hobbs, L. Turnbull, K. Suding, J. Bartolome, and P. Hopkinson. 2019. Combined data on plant species abundance and composition from LTER and other grasslands in the United States, 1943 - 2010 ver 3. Environmental Data Initiative. https://doi.org/10.6073/pasta/1f677c39993cbdd2739cef7ad8dd758e (Accessed 2020-08-17).",CC0,CC0
GRP,55,1,2009,SHARON K. COLLINGE AND CHRIS RAY,Transient patterns in the assembly of vernal pool plant communities,Ecology,10.1890/08-2155.1,https://doi.org/10.1890/08-2155.1,NA,01.06.20,"Collinge, S.K. and A.M. Faist. 2020. Long Term Research in Environmental Biology (LTREB): California vernal pool plant community ecology and restoration, 2000-2017 ver 2. Environmental Data Initiative. https://doi.org/10.6073/pasta/1daedb3a3b601d0fd9ccb4120cfb504e (Accessed 2020-08-20).",CC BY,CC BY
GRP,56,1,2018,Johannes Knops,Plant species percent cover data: Effect of Fire Frequency on Grassland Vegetation and Soils,LTER,doi:10.6073/pasta/0496cc0fd5bd68da780da66df779406d,https://portal.edirepository.org/nis/mapbrowse?packageid=knb-lter-cdr.94.8,NA,05.06.20,"Knops, J. 2018. Plant species percent cover data: Effect of Fire Frequency on Grassland Vegetation and Soils ver 8. Environmental Data Initiative. https://doi.org/10.6073/pasta/0496cc0fd5bd68da780da66df779406d (Accessed 2020-08-21).",CC BY,CC BY
GRP,57,1,1998,"Debra P. Coffin, William A. Laycock & William K. Lauenroth",Disturbance intensity and above- and belowground herbivory effects on long-term (14 y) recovery of a semiarid grassland,Plant Ecology,NA,https://link.springer.com/article/10.1023/A:1009789017151,NA,05.06.20,"Lauenroth, W. 2014. SGS-LTER Disturbance intensity and above- and belowground herbivory effects on long-term recovery of shortgrass steppe on the Central Plains Experimental Range, Nunn, Colorado, USA 1977-1990 ver 18. Environmental Data Initiative. https://doi.org/10.6073/pasta/9bad1dcc57df3e87c13a6987682183ba (Accessed 2020-08-24).",NA,NA
GRP,58,1,2020,Andrew D. Kaul  Brian J. Wilsey,Exotic species drive patterns of plant species diversity in 93 restored tallgrass prairies,Ecological Applications,10.1002/eap.2252,https://doi.org/10.1002/eap.2252,NA,NA,NA,NA,NA
GRP,59,1,NA,"Bouazza, Karma",Lebanon Reforestation Initiative (LRI),NA,NA,NA,NA,NA,NA,NA,NA
GRP,60,1,2020,Diane L. Larson  Daniel L. Hernández  Jennifer L. Larson  Julia B. Leone  Nora Pennarola,Management of remnant tallgrass prairie by grazing or fire: effects on plant communities and soil properties,Ecosphere,https://doi.org/10.1002/ecs2.3213,https://esajournals.onlinelibrary.wiley.com/doi/full/10.1002/ecs2.3213,NA,24.11.20,"Larson, D.L., Hernández, D.L., Larson, J.L., Leone, J.B., and Pennarola, N., 2020, Management of remnant tallgrass prairie by grazing or fire in western Minnesota, 2016-2017: U.S. Geological Survey data release, https://doi.org/10.5066/P9N8X0ZY","CC BY (paper, not sure about data?)","CC BY (paper, not sure about data?)"
GRP,61,1,2015,"Norland, Jack, Larson, Tyler,Dixon, Cami, Askerooth, Kristine",Outcomes of Past Grassland Reconstructions in Eastern North Dakota and Northwestern Minnesota: Analysis of Practices,Ecological Restoration,NA,NA,R-S,NA,NA,NA,NA
GRP,61,2,2018,"Jack E. Norland, Cami S. Dixon, Diane L. Larson, Kristine L. Askerooth and Benjamin A. Geaumont",Prairie Reconstruction Unpredictability and Complexity: What is the Rate of Reconstruction Failures?,Ecological Restoration,NA,NA,R-S,NA,NA,NA,NA
GRP,62,1,2019,"Mortenson, Adam Jacob, Norland, Jack",A study of prairie reconstructions in the Eastern Dakotas,"Thesis, North Dakota State University",NA,NA,R-S,NA,NA,NA,NA
GRP,63,1,2021,"Ashish N. Nerlekar, Nirav Mehta, Ritesh Pokar, Mayur Bhagwat, Chetan Misher, Pankaj Joshi, Ankila J. Hiremath",Removal or utilisation? Testing alternative approaches to the management of an invasive woody legume in an arid Indian grassland,Restoration Ecology,NA,https://doi.org/10.1111/rec.13477,R-S,NA,NA,NA,NA
GRP,64,1,2019,"Sperry, KP; Hilfer, H; Lane, I; Petersen, J; Dixon, PM; Sullivan, LL",Species diversity and dispersal traits alter biodiversity spillover in reconstructed grasslands,JOURNAL OF APPLIED ECOLOGY,10.1111/1365-2664.13469,http://doi.org/10.1111/1365-2664.13469,OA,6.17.2021,"Katie Sperry, Hayley Hilfer, Ian Lane, Jessica Petersen, Phil Dixon, & Lauren Sullivan. (2019, June 21). Species diversity and movement traits alter biodiversity spillover in reconstructed grasslands. Journal of Applied Ecology. Zenodo. http://doi.org/10.5281/zenodo.3252034",CC-BY,NA
GRP,65,1,2016,"Peter Lesica, David Hanna, Nathan Birkeland",Choosing Species to Enhance Native Plant Abundance Following Biological Control of Leafy Spurge (Euphorbia esula),Ecological Restoration,doi: 10.3368/er.34.1.3,http://er.uwpress.org/content/34/1/3.full.pdf+html?sid=2e2469f4-b65c-4d6c-9d37-e9995bcd786d,R-S,NA,NA,NA,NA
GRP,66,1,2020,"Michal Hyjek, Petra Hájková & Jan Roleček",A novel dataset of permanent plots in extremely species-rich temperate grasslands,Folia Geobotanica,10.1007/s12224-020-09372-6,https://doi.org/10.1007/s12224-020-09372-6,OA,NA,NA,NA,NA
GRP,67,1,2015,"Rhoades, CC; Fornwalt, PJ; Paschke, MW; Shanklin, A; Jonas, JL",Recovery of small pile burn scars in conifer forests of the Colorado Front Range,FOREST ECOLOGY AND MANAGEMENT,10.1016/j.foreco.2015.03.026,http://doi.org/10.1016/j.foreco.2015.03.026,OA,06.28.2021,"Shanklin, Amber M.; Rhoades, Charles C.; Fornwalt, Paula J.; Paschke, Mark W. 2014. Vegetation, soils, and landscape data for experimental rehabilitation of slash pile fire scars in conifer forests of the Front Range, Colorado. Fort Collins, CO: Forest Service Research Data Archive. https://doi.org/10.2737/RDS-2019-0027",CC-BY-ND,NA
GRP,68,1,2020,"Becky K. Kerns, Michelle A. Day, Dana Ikeda",Long-Term Seeding Outcomes in Slash Piles and Skid Trails after Conifer Removal,Forests,NA,https://doi.org/10.3390/f11080839,OA,06.28.2021,"Day, Michelle A.; Kerns, Becky K. 2020. Long-term effects of restoration treatments in a juniper woodland invaded by annual exotic grasses: juniper removal, pile burning and native seeding. Fort Collins, CO: Forest Service Research Data Archive. https://doi.org/10.2737/RDS-2020-0032",CC-BY-ND,NA
GRP,70,1,2019,"Wohlwend, MR; Schutzenhofer, MR; Knight, TM",Long-term experiment manipulating community assembly results in favorable restoration outcomes for invaded prairies,RESTORATION ECOLOGY,10.1111/rec.13006,http://doi.org/10.1111/rec.13006,R-S,NA,NA,NA,NA
GRP,71,1,2017,"Wolff, C; Gilhaus, K; Holzel, N; Schneider, S",Status and restoration potential of heathlands and sand grasslands in the southwest of Luxembourg,TUEXENIA,10.14471/2017.37.007,http://doi.org/10.14471/2017.37.007,OA,NA,NA,NA,NA
GRP,72,1,2021,"B.A. Woodcock, R.F. Pywell, N.A. Macgregor, M.E. Edwards d, J. Redhead, L. E. Ridding, P. Batary, M. Czerwinski, S. Duffield","Historical, local and landscape factors determine the success of grassland restoration for arthropods","Agriculture, Ecosystems and Environment",10.1016/j.agee.2020.107271,https://doi.org/10.1016/j.agee.2020.107271,R-S,NA,NA,NA,NA
GRP,73,1,2020,"Paula Comeau, Jack E. Norland , Cami S. Dixon , Kristine L. Askerooth and Kyle Kelsey",Reducing Cirsium arvense (Canada Thistle) Using Spike Seeding: Six Years Later,Ecological Restoration,10.3368/er.38.2.67,https://doi.org/10.3368/er.38.2.67,R-S,NA,NA,NA,NA
